producto_id,clase,revenue_opt,margin_opt,n_days,margin_contribution_pct
0309020005,03CARN     ,1829128.46,872720.48,1188,47.71
0304010008,03CARN     ,1428478.01,853577.98,1296,59.75
0309020020,03CARN     ,1042900.75,363635.01,1187,34.87
0304010035,03CARN     ,833189.0,361704.33,1293,43.41
0308010001,03CARN     ,1165240.21,295631.49,1188,25.37
0308050006,03CARN     ,777545.7,240922.93,1188,30.99
0301020003,03CARN     ,505256.85,239601.73,2421,47.42
0308020003,03CARN     ,746005.66,237764.19,1188,31.87
0802020012,08FRUV     ,544986.94,230458.38,1188,42.29
0304010033,03CARN     ,345814.77,203721.08,1295,58.91
0309020017,03CARN     ,365539.76,199683.4,1183,54.63
0301040001,03CARN     ,487148.12,198717.92,1183,40.79
0509060001,05CHAR     ,757014.47,194822.67,1188,25.74
0302020001,03CARN     ,527946.71,192913.06,1083,36.54
0806030003,08FRUV     ,530699.92,186867.58,1296,35.21
0511050016,05CHAR     ,653100.07,184442.91,1286,28.24
0304010030,03CARN     ,302826.07,183875.82,1291,60.72
0308050008,03CARN     ,438055.84,176345.26,1188,40.26
0806010011,08FRUV     ,543312.87,175882.23,1188,32.37
0509130025,05CHAR     ,633399.84,173215.42,2475,27.35
0301020014,03CARN     ,394002.51,166717.31,1284,42.31
0803010043,08FRUV     ,412814.4,146287.58,1295,35.44
0802010002,08FRUV     ,340174.89,145782.84,1184,42.86
0806010004,08FRUV     ,287895.26,140478.59,2512,48.8
0309020011,03CARN     ,282645.31,140257.77,1181,49.62
0303010007,03CARN     ,441882.84,138155.03,1277,31.27
0301020006,03CARN     ,407286.43,131963.8,1298,32.4
0802050003,08FRUV     ,575996.76,129081.58,1188,22.41
0804010003,08FRUV     ,527267.17,119726.11,1296,22.71
0509060004,05CHAR     ,452863.08,115001.87,1184,25.39
0302010002,03CARN     ,361718.48,114563.16,1274,31.67
0806010006,08FRUV     ,283619.24,104091.54,1188,36.7
0801020002,08FRUV     ,262681.68,100874.57,1274,38.4
0309020002,03CARN     ,188216.64,94089.07,878,49.99
0304010005,03CARN     ,156030.08,93107.95,899,59.67
0301020019,03CARN     ,249591.04,90298.84,1292,36.18
0301020010,03CARN     ,967809.09,89744.02,1576,9.27
0308020001,03CARN     ,295018.59,86780.82,1159,29.42
0309020004,03CARN     ,225733.29,85158.09,1188,37.73
0511040003,05CHAR     ,271925.59,84195.8,1008,30.96
0509100021,05CHAR     ,260428.37,81909.09,1146,31.45
0509100025,05CHAR     ,295975.2,79797.5,2503,26.96
0802050001,08FRUV     ,235110.69,79251.79,1188,33.71
0802010012,08FRUV     ,212818.68,75954.11,1188,35.69
0508090034,05CHAR     ,222074.96,75752.45,1280,34.11
0509060008,05CHAR     ,304169.29,75607.23,1184,24.86
0801040002,08FRUV     ,198417.79,74108.09,1292,37.35
0804010001,08FRUV     ,229445.94,70972.63,1296,30.93
0309030003,03CARN     ,89635.97,70384.02,945,78.52
0803010032,08FRUV     ,274466.6,70129.58,1948,25.55
0806030009,08FRUV     ,195115.1,68504.95,1292,35.11
0304010032,03CARN     ,132305.72,68036.99,1294,51.42
0301020004,03CARN     ,138006.25,67357.96,2111,48.81
0802020008,08FRUV     ,183392.79,66835.56,1186,36.44
0803010039,08FRUV     ,184064.24,66225.88,1295,35.98
0309020003,03CARN     ,174133.01,65458.4,1188,37.59
0503040067,05CHAR     ,199503.23,64326.25,1229,32.24
0304010034,03CARN     ,120194.09,60971.82,1294,50.73
0803010051,08FRUV     ,124388.24,59537.71,1720,47.86
0309020010,03CARN     ,95676.1,58973.59,913,61.64
0504030034,05CHAR     ,170407.95,58645.96,1147,34.42
0509150023,05CHAR     ,234484.71,57001.01,1937,24.31
0503030008,05CHAR     ,171401.05,53415.33,1270,31.16
0306030003,03CARN     ,78647.2,52685.03,1013,66.99
0806010002,08FRUV     ,173096.15,52317.23,2507,30.22
0301020001,03CARN     ,142397.43,49931.76,1270,35.07
0308010003,03CARN     ,269651.77,46983.85,2204,17.42
0805010061,08FRUV     ,122634.08,46741.15,1100,38.11
0509020001,05CHAR     ,86223.86,46008.46,1292,53.36
0803020005,08FRUV     ,77437.64,45338.19,1296,58.55
0802010024,08FRUV     ,135473.97,44731.05,1188,33.02
0501040013,05CHAR     ,134532.13,44547.35,1603,33.11
0509070007,05CHAR     ,156595.95,43622.94,1118,27.86
0309040011,03CARN     ,59968.7,43058.06,1776,71.8
0504030005,05CHAR     ,126097.04,42331.29,1188,33.57
0504040033,05CHAR     ,146563.61,42024.35,835,28.67
0801020025,08FRUV     ,103405.17,41647.37,1174,40.28
0309020015,03CARN     ,69153.71,41397.37,885,59.86
0304010019,03CARN     ,58872.95,40662.77,934,69.07
0509110001,05CHAR     ,76605.22,39631.77,1168,51.74
0802040006,08FRUV     ,77279.21,39232.73,1185,50.77
0504030042,05CHAR     ,120225.12,38478.37,1404,32.01
0308030001,03CARN     ,127005.3,38191.2,1128,30.07
0301040003,03CARN     ,97446.5,37695.61,1132,38.68
0509130028,05CHAR     ,131958.35,36982.72,1718,28.03
0803010012,08FRUV     ,68709.46,36525.46,1187,53.16
0503020038,05CHAR     ,128455.66,36360.05,2395,28.31
0801030005,08FRUV     ,116252.74,35713.96,1296,30.72
0302010003,03CARN     ,97108.97,35620.15,1011,36.68
0801020008,08FRUV     ,69369.88,35568.51,1294,51.27
0304010010,03CARN     ,194527.78,35482.99,1275,18.24
0801010001,08FRUV     ,69689.63,34854.46,2173,50.01
0803020003,08FRUV     ,57687.39,34383.07,1272,59.6
0304010025,03CARN     ,53190.76,33418.62,1152,62.83
0802040020,08FRUV     ,66520.25,32726.73,1149,49.2
0803010009,08FRUV     ,56269.32,32631.59,1187,57.99
0803020011,08FRUV     ,49408.58,32454.18,873,65.69
0806030008,08FRUV     ,87557.48,32447.34,1293,37.06
0803010028,08FRUV     ,92620.05,32313.58,2511,34.89
0504040012,05CHAR     ,99900.2,31947.17,1187,31.98
0802010027,08FRUV     ,76597.9,31521.44,2355,41.15
0504040030,05CHAR     ,118987.44,30837.43,1867,25.92
0508090027,05CHAR     ,104153.0,29695.87,941,28.51
0308020004,03CARN     ,121960.95,29029.69,1102,23.8
0806010001,08FRUV     ,72952.3,28986.13,1188,39.73
0509030033,05CHAR     ,101146.66,28953.93,1294,28.63
0803010007,08FRUV     ,47070.63,28944.44,1167,61.49
0509030041,05CHAR     ,88556.12,28689.91,1286,32.4
0801030007,08FRUV     ,67748.64,28581.33,1293,42.19
0806010010,08FRUV     ,66719.23,28390.17,1188,42.55
0308020006,03CARN     ,81889.77,27876.51,1330,34.04
0304010018,03CARN     ,58932.79,27290.51,1241,46.31
0504040022,05CHAR     ,81172.27,27062.56,1188,33.34
0802010025,08FRUV     ,68927.54,26730.87,1188,38.78
0801050008,08FRUV     ,76013.24,25716.33,1296,33.83
0304010021,03CARN     ,42938.11,25560.0,1116,59.53
0806020007,08FRUV     ,63860.76,25508.4,1296,39.94
0802020005,08FRUV     ,56600.28,25439.52,1179,44.95
0302020002,03CARN     ,76126.37,25241.36,822,33.16
0801030008,08FRUV     ,59713.78,24955.35,1249,41.79
0308020005,03CARN     ,61181.8,24947.54,444,40.78
0806010013,08FRUV     ,85731.42,24775.25,1186,28.9
0504040026,05CHAR     ,76198.13,24748.85,1107,32.48
0304010016,03CARN     ,62730.72,24741.08,1287,39.44
0309020007,03CARN     ,315764.07,24428.99,1174,7.74
0501040006,05CHAR     ,60135.21,24216.75,1117,40.27
0801050009,08FRUV     ,60464.01,24162.84,1294,39.96
0301020008,03CARN     ,61493.98,23744.46,1203,38.61
0806010005,08FRUV     ,71006.88,23670.86,2445,33.34
0803020018,08FRUV     ,47178.49,23660.61,1293,50.15
0802030006,08FRUV     ,74435.75,23590.89,1188,31.69
0308030003,03CARN     ,81016.02,23577.92,1123,29.1
0805010004,08FRUV     ,59901.96,23541.34,1662,39.3
0802020007,08FRUV     ,52399.26,23373.81,1187,44.61
0503020041,05CHAR     ,77977.38,23368.86,1749,29.97
0805010116,08FRUV     ,48310.72,23277.59,1183,48.18
0511010007,05CHAR     ,79249.8,23190.68,791,29.26
0806020001,08FRUV     ,52556.15,22972.9,1292,43.71
0503030060,05CHAR     ,90937.3,22925.97,1173,25.21
0508090030,05CHAR     ,65893.75,22577.5,1271,34.26
0309040010,03CARN     ,43350.82,22552.83,925,52.02
0803020004,08FRUV     ,38800.48,22467.76,1286,57.91
0803010036,08FRUV     ,54464.26,21938.4,1293,40.28
0301020007,03CARN     ,50286.72,21664.27,1194,43.08
0509130023,05CHAR     ,76435.3,21436.13,1162,28.04
0802030007,08FRUV     ,74128.97,21416.53,1182,28.89
0802010010,08FRUV     ,51469.92,21238.43,1185,41.26
0802030005,08FRUV     ,68727.53,21202.28,1188,30.85
0801020012,08FRUV     ,54737.78,21134.86,1048,38.61
0802020001,08FRUV     ,48207.21,21025.59,1187,43.62
0805020006,08FRUV     ,56385.29,21021.56,1187,37.28
0801050010,08FRUV     ,57328.4,21009.91,1243,36.65
0509100020,05CHAR     ,65017.9,20453.76,1128,31.46
0509030059,05CHAR     ,64394.41,20247.06,1286,31.44
0511050029,05CHAR     ,75309.43,19945.37,1286,26.48
0509150008,05CHAR     ,75308.96,19859.6,1179,26.37
0503040068,05CHAR     ,63646.71,19736.41,1220,31.01
0802010016,08FRUV     ,46569.49,19731.82,1220,42.37
0504020027,05CHAR     ,74165.15,19624.22,1948,26.46
0504020022,05CHAR     ,56031.35,19557.21,2352,34.9
0806020002,08FRUV     ,43027.71,19521.72,1294,45.37
0801040003,08FRUV     ,59579.12,19468.67,1277,32.68
0506020002,05CHAR     ,48680.41,19402.08,1173,39.86
0806010008,08FRUV     ,51992.35,19319.65,2435,37.16
0803010038,08FRUV     ,50013.65,19093.19,1293,38.18
0805020011,08FRUV     ,38094.59,18967.71,1173,49.79
0803010010,08FRUV     ,36136.16,18726.37,1187,51.82
0509130029,05CHAR     ,71403.14,18633.14,865,26.1
0504030022,05CHAR     ,51862.31,18345.85,1182,35.37
0805010006,08FRUV     ,45148.12,18312.96,1112,40.56
0802010022,08FRUV     ,45723.7,18298.51,1216,40.02
0803010027,08FRUV     ,36061.93,18177.91,1184,50.41
0301040002,03CARN     ,48039.01,18076.84,765,37.63
0801040006,08FRUV     ,42053.98,17842.04,1292,42.43
0511040009,05CHAR     ,51939.3,17806.39,666,34.28
0309040007,03CARN     ,23968.11,17393.19,581,72.57
0509120011,05CHAR     ,55269.82,17304.05,898,31.31
0502080091,05CHAR     ,64056.6,17254.58,842,26.94
0802030009,08FRUV     ,67803.49,16943.62,1106,24.99
0509160028,05CHAR     ,48140.29,16938.98,1199,35.19
0504010003,05CHAR     ,29258.23,16890.46,1264,57.73
0806030006,08FRUV     ,36111.55,16877.1,1296,46.74
0304010037,03CARN     ,23496.71,16861.38,1055,71.76
0308040003,03CARN     ,53583.1,16852.62,1126,31.45
0805050051,08FRUV     ,23557.48,16557.95,1109,70.29
0805020018,08FRUV     ,27880.71,16287.73,1080,58.42
0801050014,08FRUV     ,52526.49,16211.05,1152,30.86
0308050013,03CARN     ,50867.83,16183.34,1151,31.81
0502040028,05CHAR     ,45316.73,16161.31,1143,35.66
0805050082,08FRUV     ,37419.39,15894.86,1283,42.48
0503030059,05CHAR     ,57805.78,15872.01,1253,27.46
0801010003,08FRUV     ,93730.56,15641.7,2353,16.69
0309020019,03CARN     ,26263.41,15604.07,479,59.41
0501090059,05CHAR     ,55976.99,15588.24,1254,27.85
0802040010,08FRUV     ,29409.62,15484.3,1143,52.65
0309020008,03CARN     ,93914.0,15320.06,1171,16.31
0802040023,08FRUV     ,34693.27,15156.48,1111,43.69
0509070003,05CHAR     ,45267.41,15129.57,1129,33.42
0805050009,08FRUV     ,19993.54,15079.51,1290,75.42
0505010004,05CHAR     ,41045.12,15034.75,1866,36.63
0803010022,08FRUV     ,23882.17,14976.03,1171,62.71
0309030006,03CARN     ,45722.07,14911.11,1031,32.61
0502040051,05CHAR     ,47785.72,14866.32,1744,31.11
0505010006,05CHAR     ,59636.68,14845.89,1296,24.89
0302010007,03CARN     ,54567.17,14771.91,475,27.07
0806010009,08FRUV     ,38202.55,14659.2,1188,38.37
0806020008,08FRUV     ,34650.55,14643.26,1294,42.26
0509070001,05CHAR     ,27609.0,14637.84,1148,53.02
0805020001,08FRUV     ,23692.81,14594.28,1187,61.6
0509140014,05CHAR     ,38856.14,14578.13,1755,37.52
0303030012,03CARN     ,22573.4,14369.91,655,63.66
0805010095,08FRUV     ,25275.83,14113.36,1177,55.84
0308030002,03CARN     ,51445.59,13926.93,1030,27.07
0503040030,05CHAR     ,38719.08,13887.39,1148,35.87
0303010030,03CARN     ,42007.03,13779.53,1239,32.8
0506010001,05CHAR     ,28409.12,13757.04,559,48.42
0306020003,03CARN     ,32575.22,13686.48,1163,42.02
0803020014,08FRUV     ,22908.56,13378.83,1272,58.4
0309020009,03CARN     ,47477.89,13212.97,1082,27.83
0802040004,08FRUV     ,29200.86,13187.89,1104,45.16
0507020016,05CHAR     ,41383.48,12979.38,1685,31.36
0303010025,03CARN     ,40615.36,12637.93,1269,31.12
0802030010,08FRUV     ,50885.94,12605.36,998,24.77
0509160008,05CHAR     ,28175.57,12556.73,1032,44.57
0805050061,08FRUV     ,16217.84,12444.0,1180,76.73
0302010044,03CARN     ,37043.76,12410.14,1084,33.5
0802010017,08FRUV     ,105805.43,12361.72,2142,11.68
0302020006,03CARN     ,30676.31,12246.83,1044,39.92
0509100030,05CHAR     ,40584.7,12241.44,1830,30.16
0805050233,08FRUV     ,29266.76,12240.67,1047,41.82
0508050009,05CHAR     ,38205.82,11983.97,1199,31.37
0509110005,05CHAR     ,43052.01,11964.63,826,27.79
0501050060,05CHAR     ,34001.71,11887.28,1149,34.96
0501050053,05CHAR     ,36551.06,11884.77,1272,32.52
0502040046,05CHAR     ,36166.61,11821.91,2051,32.69
0806010007,08FRUV     ,37590.0,11775.26,1891,31.33
0802010006,08FRUV     ,36470.7,11654.23,1172,31.96
0803010033,08FRUV     ,27992.93,11573.94,1319,41.35
0802010009,08FRUV     ,21960.06,11542.09,1090,52.56
0805010088,08FRUV     ,26425.84,11537.46,1136,43.66
0806020006,08FRUV     ,25901.3,11518.53,1292,44.47
0502080046,05CHAR     ,33038.89,11498.17,1180,34.8
0803010035,08FRUV     ,23874.04,11450.25,1292,47.96
0805050168,08FRUV     ,49606.61,11436.06,1285,23.05
0504030035,05CHAR     ,31910.77,11373.59,1099,35.64
0301020005,03CARN     ,20781.03,11256.98,458,54.17
0502040048,05CHAR     ,42113.27,11239.49,2109,26.69
0801020006,08FRUV     ,29311.32,11182.26,1259,38.15
0308050017,03CARN     ,21845.58,11037.31,965,50.52
0802010015,08FRUV     ,95818.39,10949.99,1603,11.43
0302020003,03CARN     ,32870.59,10861.87,582,33.04
0805050213,08FRUV     ,20942.23,10837.39,1116,51.75
0509160007,05CHAR     ,24055.96,10782.29,1059,44.82
0802010026,08FRUV     ,190909.37,10632.41,1744,5.57
0802050002,08FRUV     ,27030.4,10586.36,902,39.16
0503020042,05CHAR     ,39722.45,10528.93,542,26.51
0509100019,05CHAR     ,28139.18,10511.13,1121,37.35
0801020013,08FRUV     ,27562.3,10490.67,1238,38.06
0805050060,08FRUV     ,13502.63,10442.06,1187,77.33
0805020026,08FRUV     ,22494.15,10390.12,974,46.19
0504030027,05CHAR     ,29853.9,10323.97,1129,34.58
0502040047,05CHAR     ,32849.19,10265.94,2091,31.25
0504050003,05CHAR     ,32533.23,10249.85,1179,31.51
0302010045,03CARN     ,29106.78,10230.4,1142,35.15
0509160003,05CHAR     ,22500.75,10094.08,1047,44.86
0509180019,05CHAR     ,31531.17,10012.09,2239,31.75
0803050002,08FRUV     ,18958.57,9897.32,1289,52.2
0805020016,08FRUV     ,29307.24,9646.03,1058,32.91
0301050001,03CARN     ,29787.86,9604.62,831,32.24
0802010020,08FRUV     ,97422.7,9594.33,1638,9.85
0803020006,08FRUV     ,16608.45,9567.37,1257,57.61
0502040026,05CHAR     ,30976.55,9534.72,1143,30.78
0801050015,08FRUV     ,32085.52,9527.89,1024,29.7
0502040033,05CHAR     ,25805.22,9479.22,1146,36.73
0503040016,05CHAR     ,23471.23,9461.6,1195,40.31
0503040071,05CHAR     ,30185.85,9448.6,1055,31.3
0309030002,03CARN     ,14956.39,9440.43,588,63.12
0803020012,08FRUV     ,16802.44,9427.7,1288,56.11
0802010007,08FRUV     ,21569.34,9420.44,1154,43.68
0509070006,05CHAR     ,28865.93,9307.85,1988,32.25
0502080085,05CHAR     ,26035.61,9307.35,1858,35.75
0801010007,08FRUV     ,113476.66,9170.47,1883,8.08
0309020018,03CARN     ,15403.71,9145.75,365,59.37
0502040045,05CHAR     ,27570.92,9130.02,2110,33.11
0806030002,08FRUV     ,21436.76,9077.18,1287,42.34
0805050096,08FRUV     ,17352.54,9019.08,1049,51.98
0802010030,08FRUV     ,52880.87,9008.65,2012,17.04
0801010015,08FRUV     ,18005.94,8988.7,698,49.92
0301020002,03CARN     ,20999.47,8943.1,529,42.59
0302010028,03CARN     ,22640.45,8939.4,1035,39.48
0805050138,08FRUV     ,16829.59,8931.02,1227,53.07
0302010006,03CARN     ,21595.28,8900.1,1036,41.21
0805050140,08FRUV     ,16289.76,8582.54,1017,52.69
0301030002,03CARN     ,27111.98,8495.28,934,31.33
0802020004,08FRUV     ,21228.17,8466.3,1185,39.88
0306030002,03CARN     ,11954.85,8465.33,769,70.81
0309040003,03CARN     ,26244.7,8464.06,126,32.25
0801050012,08FRUV     ,23942.31,8455.07,1224,35.31
0805050248,08FRUV     ,21649.01,8454.43,1256,39.05
0501040010,05CHAR     ,25225.22,8426.75,750,33.41
0508110002,05CHAR     ,26630.69,8375.21,1189,31.45
0507100011,05CHAR     ,23650.9,8361.37,1105,35.35
0801020007,08FRUV     ,16202.47,8355.31,1078,51.57
0509110006,05CHAR     ,27411.48,8349.51,905,30.46
0504040014,05CHAR     ,23244.56,8318.51,1161,35.79
0803010020,08FRUV     ,14481.28,8258.83,1171,57.03
0301040005,03CARN     ,36101.64,8252.54,1164,22.86
0504040031,05CHAR     ,23642.61,8200.94,1876,34.69
0501090050,05CHAR     ,21023.35,8169.22,963,38.86
0301070005,03CARN     ,15169.5,8112.27,261,53.48
0805020008,08FRUV     ,13063.64,8075.62,949,61.82
0309030004,03CARN     ,11692.25,7983.13,545,68.28
0502040049,05CHAR     ,23146.99,7887.62,2122,34.08
0504040015,05CHAR     ,24840.48,7870.57,1110,31.68
0508020017,05CHAR     ,24494.71,7851.54,1050,32.05
0801010025,08FRUV     ,15836.97,7790.49,1129,49.19
0505030034,05CHAR     ,22876.86,7739.51,1651,33.83
0509090003,05CHAR     ,20796.91,7689.46,801,36.97
0509130036,05CHAR     ,39384.62,7633.39,390,19.38
0507100002,05CHAR     ,20306.59,7608.14,1113,37.47
0803020009,08FRUV     ,11370.59,7592.78,1261,66.78
0504030041,05CHAR     ,20524.4,7585.97,1699,36.96
0504040011,05CHAR     ,22930.32,7575.57,1139,33.04
0504020026,05CHAR     ,22031.14,7329.03,1933,33.27
0805020034,08FRUV     ,12938.04,7299.2,720,56.42
0803010013,08FRUV     ,15738.8,7247.14,1125,46.05
0805020002,08FRUV     ,11816.59,7186.74,1179,60.82
0503020046,05CHAR     ,15892.07,7165.07,656,45.09
0302010020,03CARN     ,16752.27,7145.1,1055,42.65
0509060016,05CHAR     ,25908.97,7112.63,386,27.45
0801020019,08FRUV     ,19065.82,7107.38,1271,37.28
0802040007,08FRUV     ,9564.4,7095.1,611,74.18
0802030008,08FRUV     ,21086.13,7082.24,1123,33.59
0309030001,03CARN     ,19858.39,7078.62,1047,35.65
0305010042,03CARN     ,21104.39,7076.9,997,33.53
0507100004,05CHAR     ,19017.66,7068.7,1008,37.17
0502040013,05CHAR     ,20464.18,7042.26,962,34.41
0805050180,08FRUV     ,11380.8,7029.59,1276,61.77
0509090014,05CHAR     ,32863.35,6994.48,342,21.28
0805010066,08FRUV     ,20319.79,6992.72,113,34.41
0502090003,05CHAR     ,20935.4,6976.52,1092,33.32
0303030005,03CARN     ,12396.31,6924.91,143,55.86
0309030007,03CARN     ,10378.68,6750.84,529,65.05
0804010002,08FRUV     ,16687.87,6675.22,894,40.0
0501090049,05CHAR     ,17202.65,6672.42,1052,38.79
0502070001,05CHAR     ,18253.11,6669.39,1024,36.54
0509160006,05CHAR     ,14784.51,6626.97,784,44.82
0802040002,08FRUV     ,12941.85,6623.91,712,51.18
0504020024,05CHAR     ,21995.47,6610.05,1672,30.05
0802040022,08FRUV     ,13231.7,6563.76,722,49.61
0306020005,03CARN     ,14015.03,6522.77,1026,46.54
0802010019,08FRUV     ,44179.97,6511.85,1433,14.74
0802040021,08FRUV     ,17921.55,6486.7,900,36.19
0802010005,08FRUV     ,14987.24,6477.93,1120,43.22
0803010002,08FRUV     ,20828.35,6474.3,1187,31.08
0306020004,03CARN     ,9088.79,6423.45,642,70.67
0802040029,08FRUV     ,11681.52,6342.35,628,54.29
0502080086,05CHAR     ,17813.74,6289.15,1760,35.31
0801010009,08FRUV     ,13535.37,6286.76,887,46.45
0802040026,08FRUV     ,10865.3,6280.49,465,57.8
0309040004,03CARN     ,10580.29,6248.96,640,59.06
0507100024,05CHAR     ,18343.37,6227.69,994,33.95
0306020001,03CARN     ,8803.19,6178.71,618,70.19
0802030011,08FRUV     ,14267.07,6148.46,1040,43.1
0509130013,05CHAR     ,19766.64,6142.32,1083,31.07
0802010013,08FRUV     ,15287.37,6138.96,1208,40.16
0303030007,03CARN     ,9621.76,6132.06,371,63.73
0805020022,08FRUV     ,7599.27,6129.58,965,80.66
0507020008,05CHAR     ,18905.76,6118.9,946,32.37
0507020023,05CHAR     ,19141.58,6117.84,958,31.96
0501100012,05CHAR     ,18005.99,6075.28,1092,33.74
1306020001,05CHAR     ,17677.11,6060.21,956,34.28
0805010160,08FRUV     ,16898.54,5968.39,1564,35.32
0805020004,08FRUV     ,16191.03,5898.39,1058,36.43
0802040031,08FRUV     ,13100.73,5897.97,1356,45.02
0504010005,05CHAR     ,7376.61,5847.2,1101,79.27
0801030002,08FRUV     ,11178.13,5819.45,1238,52.06
0802020009,08FRUV     ,14191.1,5810.04,1028,40.94
0309020013,03CARN     ,10690.93,5804.31,235,54.29
0505030036,05CHAR     ,19245.4,5798.54,1353,30.13
0802040025,08FRUV     ,8602.83,5794.99,913,67.36
0801020001,08FRUV     ,17179.12,5780.19,183,33.65
0501030015,05CHAR     ,15721.88,5773.52,1098,36.72
0501050068,05CHAR     ,19006.26,5772.39,1228,30.37
0305010043,03CARN     ,17015.09,5703.12,1026,33.52
0303010017,03CARN     ,12693.79,5698.85,746,44.89
0805050306,08FRUV     ,15491.94,5696.96,1261,36.77
0802010021,08FRUV     ,13011.11,5689.93,749,43.73
0805020007,08FRUV     ,13150.28,5682.84,1533,43.21
0302010005,03CARN     ,9858.8,5671.39,262,57.53
0308050004,03CARN     ,9028.66,5670.6,599,62.81
0503030010,05CHAR     ,19265.58,5670.58,1192,29.43
1301040597,03CARN     ,7873.08,5666.07,787,71.97
0503050015,05CHAR     ,17115.43,5621.35,1127,32.84
0509010001,05CHAR     ,17167.09,5611.46,1089,32.69
0801010030,08FRUV     ,9043.48,5597.74,481,61.9
0802030003,08FRUV     ,17834.72,5582.81,1103,31.3
0803010016,08FRUV     ,10578.14,5576.6,1153,52.72
0805010180,08FRUV     ,14302.48,5564.0,1988,38.9
0502080058,05CHAR     ,19973.52,5541.46,867,27.74
0302020007,03CARN     ,24900.86,5506.43,1250,22.11
0802040024,08FRUV     ,10693.44,5485.25,663,51.3
0502010335,05CHAR     ,16234.95,5465.44,1881,33.66
0801010034,08FRUV     ,9446.15,5442.15,940,57.61
0802040017,08FRUV     ,9834.99,5421.87,1050,55.13
0502080082,05CHAR     ,16089.07,5399.15,1844,33.56
0502080097,05CHAR     ,14693.3,5346.99,876,36.39
0805050081,08FRUV     ,18403.23,5340.49,462,29.02
0502030006,05CHAR     ,12004.67,5323.04,770,44.34
0802040019,08FRUV     ,8992.98,5270.03,1101,58.6
0805010123,08FRUV     ,12593.22,5230.24,959,41.53
0503030058,05CHAR     ,24938.2,5201.72,1177,20.86
0509060018,05CHAR     ,26919.08,5195.38,166,19.3
0502060007,05CHAR     ,14687.42,5158.39,1139,35.12
0502030005,05CHAR     ,9811.12,5155.9,569,52.55
0805010055,08FRUV     ,17763.05,5141.81,992,28.95
0801010022,08FRUV     ,9671.54,5120.37,827,52.94
0502080057,05CHAR     ,15131.77,5092.58,990,33.65
0503030011,05CHAR     ,16916.65,5083.49,1176,30.05
0509150009,05CHAR     ,16778.71,5075.56,998,30.25
0308040007,03CARN     ,18627.25,5069.5,425,27.22
0501050002,05CHAR     ,17461.09,5058.01,1072,28.97
0805010132,08FRUV     ,15210.77,5050.45,1034,33.2
0504020025,05CHAR     ,16037.57,5033.5,1879,31.39
0805010198,08FRUV     ,13804.98,4992.72,1771,36.17
0801010002,08FRUV     ,9207.98,4990.9,1021,54.2
0509150015,05CHAR     ,15821.54,4983.26,1095,31.5
0806020003,08FRUV     ,8929.33,4981.52,1249,55.79
0502010333,05CHAR     ,13515.86,4962.75,980,36.72
0509150029,05CHAR     ,26740.62,4958.62,424,18.54
0308050005,03CARN     ,7642.28,4954.64,539,64.83
0507020017,05CHAR     ,16070.02,4947.18,970,30.79
0805050037,08FRUV     ,11820.13,4899.53,598,41.45
0801010008,08FRUV     ,9683.1,4889.08,798,50.49
0302010018,03CARN     ,7325.71,4880.08,177,66.62
0805010086,08FRUV     ,14981.63,4879.98,1138,32.57
0504050008,05CHAR     ,14929.88,4838.61,1885,32.41
0502050006,05CHAR     ,18561.75,4813.39,1666,25.93
0511050004,05CHAR     ,15263.96,4812.05,953,31.53
0805050068,08FRUV     ,6455.77,4767.5,836,73.85
0801020005,08FRUV     ,10078.7,4762.51,1251,47.25
0509160024,05CHAR     ,15339.16,4759.57,441,31.03
0801010024,08FRUV     ,8145.5,4732.01,888,58.09
0805010087,08FRUV     ,14089.5,4712.39,1034,33.45
0801010037,08FRUV     ,8794.35,4657.11,1039,52.96
0509130007,05CHAR     ,15314.59,4645.51,953,30.33
0805020032,08FRUV     ,11554.65,4628.55,877,40.06
0805050263,08FRUV     ,12159.32,4612.26,1249,37.93
0801010040,08FRUV     ,7476.71,4569.93,332,61.12
0503020003,05CHAR     ,11327.34,4567.95,1041,40.33
0801010027,08FRUV     ,9792.01,4548.79,744,46.45
0803010040,08FRUV     ,11952.75,4536.68,1010,37.96
0801050005,08FRUV     ,12810.73,4525.67,1104,35.33
0302010009,03CARN     ,10808.37,4516.39,145,41.79
0503030001,05CHAR     ,11093.46,4498.29,450,40.55
0801010020,08FRUV     ,7490.34,4471.98,935,59.7
0509030019,05CHAR     ,14180.47,4438.73,1152,31.3
0805050091,08FRUV     ,6063.94,4424.45,958,72.96
1303030004,05CHAR     ,12441.05,4414.58,1023,35.48
0503040065,05CHAR     ,21666.94,4407.53,1139,20.34
0801010004,08FRUV     ,8616.74,4397.17,970,51.03
0803010011,08FRUV     ,10945.23,4394.02,1104,40.15
0502020042,05CHAR     ,12799.19,4371.38,1143,34.15
0506020001,05CHAR     ,18361.81,4286.68,774,23.35
0509060007,05CHAR     ,14855.76,4242.28,1060,28.56
0301020011,03CARN     ,5879.43,4224.39,675,71.85
0805010002,08FRUV     ,12625.92,4211.22,828,33.35
0509030008,05CHAR     ,13425.59,4203.17,1063,31.31
0308040005,03CARN     ,16478.07,4142.25,290,25.14
0801010018,08FRUV     ,8580.83,4116.59,1067,47.97
0502060006,05CHAR     ,9520.03,4116.5,1008,43.24
0801010019,08FRUV     ,7774.13,4113.42,1119,52.91
0502080081,05CHAR     ,12348.31,4084.09,1685,33.07
0802030013,08FRUV     ,14258.24,4058.87,982,28.47
0509030069,05CHAR     ,13174.48,4053.71,558,30.77
0805010145,08FRUV     ,12227.73,4021.26,785,32.89
0805020020,08FRUV     ,7875.0,3981.16,465,50.55
0805010015,08FRUV     ,12552.18,3978.8,910,31.7
0501030020,05CHAR     ,10484.48,3976.75,786,37.93
0501080008,05CHAR     ,10921.05,3957.37,1175,36.24
0502040056,05CHAR     ,11125.83,3921.05,671,35.24
0502040005,05CHAR     ,12529.89,3909.74,920,31.2
0509130009,05CHAR     ,11292.5,3875.16,864,34.32
0302010032,03CARN     ,10497.49,3845.78,1012,36.64
0503040069,05CHAR     ,11132.74,3825.96,1223,34.37
0505010030,05CHAR     ,12178.05,3825.33,1525,31.41
0802010004,08FRUV     ,10664.49,3791.44,672,35.55
0502080096,05CHAR     ,9859.13,3790.41,822,38.45
0805050219,08FRUV     ,7672.35,3790.03,623,49.4
0501080005,05CHAR     ,12585.19,3739.16,1244,29.71
0306030004,03CARN     ,10772.1,3724.9,638,34.58
0504040029,05CHAR     ,9479.14,3666.18,90,38.68
0501030016,05CHAR     ,8599.13,3661.54,582,42.58
0501030001,05CHAR     ,9304.08,3657.0,955,39.31
0802040030,08FRUV     ,7365.7,3649.95,1123,49.55
0509140004,05CHAR     ,8168.1,3641.07,314,44.58
0507020019,05CHAR     ,11520.71,3614.32,997,31.37
0305010041,03CARN     ,10945.0,3613.77,754,33.02
0509150012,05CHAR     ,12470.78,3611.49,891,28.96
0803020016,08FRUV     ,6585.85,3552.31,1251,53.94
0511050024,05CHAR     ,10691.36,3547.9,1076,33.18
0502030004,05CHAR     ,7200.17,3521.36,422,48.91
0801050002,08FRUV     ,8692.78,3502.67,837,40.29
0803010031,08FRUV     ,7439.95,3487.17,2064,46.87
0805050029,08FRUV     ,9907.04,3479.59,908,35.12
0302010001,03CARN     ,7174.54,3456.94,185,48.18
0504030014,05CHAR     ,9590.48,3445.33,944,35.92
0509100013,05CHAR     ,9695.81,3443.83,748,35.52
0301020009,03CARN     ,8966.15,3442.81,566,38.4
0305010034,03CARN     ,11002.89,3434.15,577,31.21
0504030021,05CHAR     ,9270.29,3425.92,965,36.96
0302010030,03CARN     ,9183.69,3412.9,1030,37.16
0508110001,05CHAR     ,8978.31,3406.41,747,37.94
0509030067,05CHAR     ,13813.07,3399.56,1311,24.61
0805010143,08FRUV     ,9661.54,3392.55,871,35.11
0501040014,05CHAR     ,9982.85,3359.2,851,33.65
0805050030,08FRUV     ,9519.33,3319.08,1128,34.87
0509120007,05CHAR     ,7217.75,3318.72,328,45.98
0805050021,08FRUV     ,7781.19,3306.43,647,42.49
0502010336,05CHAR     ,9686.73,3293.72,1035,34.0
0503010029,05CHAR     ,10733.77,3288.36,1112,30.64
0801010006,08FRUV     ,5929.69,3280.7,595,55.33
0501040015,05CHAR     ,9202.36,3274.69,585,35.59
0806010012,08FRUV     ,6763.17,3271.05,857,48.37
0805010026,08FRUV     ,9598.59,3234.29,957,33.7
0302010029,03CARN     ,8610.25,3226.85,1058,37.48
0303010005,03CARN     ,4879.87,3225.67,391,66.1
0301020012,03CARN     ,10488.82,3222.88,461,30.73
0803020022,08FRUV     ,7191.23,3222.05,1250,44.81
0509030009,05CHAR     ,9420.44,3214.07,888,34.12
0509100032,05CHAR     ,10409.63,3182.4,690,30.57
0805010025,08FRUV     ,8523.37,3104.17,817,36.42
0502020044,05CHAR     ,9428.46,3083.9,1164,32.71
0505030013,05CHAR     ,9781.24,3081.76,775,31.51
0502050007,05CHAR     ,8295.83,3066.93,1073,36.97
0805050262,08FRUV     ,8411.31,3062.65,1014,36.41
0501020003,05CHAR     ,6767.02,3054.49,783,45.14
0805010036,08FRUV     ,9067.43,3050.76,689,33.65
0805010279,08FRUV     ,9022.85,3047.72,697,33.78
0801010016,08FRUV     ,5988.89,3031.74,1046,50.62
0802030001,08FRUV     ,9903.59,2999.65,659,30.29
1009010049,05CHAR     ,9446.09,2995.88,1092,31.72
0805010150,08FRUV     ,8919.64,2984.93,1013,33.46
0505030014,05CHAR     ,10061.31,2982.35,719,29.64
0302010031,03CARN     ,7684.94,2982.28,1090,38.81
0801050007,08FRUV     ,9530.72,2970.88,934,31.17
0805010163,08FRUV     ,8095.69,2955.16,1497,36.5
0802010039,08FRUV     ,8483.72,2927.48,744,34.51
0805010169,08FRUV     ,8054.19,2915.85,1069,36.2
0803010024,08FRUV     ,5665.33,2905.85,1123,51.29
0805050107,08FRUV     ,6767.6,2904.09,712,42.91
0502030008,05CHAR     ,7721.39,2900.17,842,37.56
0805050184,08FRUV     ,5793.95,2893.84,719,49.95
0806030005,08FRUV     ,7248.21,2885.22,1008,39.81
0805010253,08FRUV     ,8689.1,2862.25,882,32.94
0802010003,08FRUV     ,5547.4,2851.86,893,51.41
0502040025,05CHAR     ,9428.3,2833.09,857,30.05
0502080090,05CHAR     ,10440.55,2826.66,854,27.07
0305010036,03CARN     ,9515.9,2817.23,631,29.61
0801010010,08FRUV     ,5494.22,2813.99,947,51.22
0501030002,05CHAR     ,6926.97,2812.18,770,40.6
0507020013,05CHAR     ,6431.42,2808.71,398,43.67
0803010029,08FRUV     ,6675.91,2796.46,1399,41.89
0802040027,08FRUV     ,6069.06,2785.23,711,45.89
0502070005,05CHAR     ,7378.57,2780.37,941,37.68
0505030038,05CHAR     ,8448.57,2773.28,628,32.83
0805050005,08FRUV     ,8395.55,2760.56,1023,32.88
0501040011,05CHAR     ,10674.48,2741.33,189,25.68
0507020022,05CHAR     ,7374.13,2737.84,718,37.13
0502040001,05CHAR     ,7846.44,2737.73,343,34.89
0801010012,08FRUV     ,4825.28,2718.03,550,56.33
0805050265,08FRUV     ,5706.54,2716.45,511,47.6
0805050036,08FRUV     ,7630.3,2716.25,797,35.6
0503020002,05CHAR     ,6752.44,2714.19,991,40.2
0805050298,08FRUV     ,6977.46,2711.76,421,38.86
0801010005,08FRUV     ,5002.12,2700.7,1066,53.99
0509030070,05CHAR     ,8281.37,2669.18,652,32.23
0803020001,08FRUV     ,4505.57,2667.67,1205,59.21
0805010009,08FRUV     ,8337.39,2659.26,520,31.9
0310010003,03CARN     ,6791.52,2615.25,425,38.51
0802030004,08FRUV     ,7332.06,2608.61,838,35.58
0805050258,08FRUV     ,7188.78,2603.75,596,36.22
0502080098,05CHAR     ,6656.38,2588.23,532,38.88
0805010120,08FRUV     ,6631.47,2580.94,908,38.92
0503040003,05CHAR     ,6200.49,2578.19,641,41.58
0801010011,08FRUV     ,4881.9,2574.38,1044,52.73
0506030023,05CHAR     ,7142.32,2558.13,1465,35.82
0509100033,05CHAR     ,7699.86,2548.8,599,33.1
0805050013,08FRUV     ,5820.0,2547.59,447,43.77
0803020002,08FRUV     ,4969.09,2546.25,1259,51.24
1303010062,05CHAR     ,6535.22,2541.85,679,38.89
0502040054,05CHAR     ,9212.35,2537.83,457,27.55
0805010273,08FRUV     ,8428.02,2536.37,756,30.09
0805050254,08FRUV     ,3804.25,2521.09,602,66.27
0501050055,05CHAR     ,7880.41,2511.15,1066,31.87
0308050010,03CARN     ,4596.35,2504.35,598,54.49
0508090005,05CHAR     ,6544.26,2503.17,563,38.25
0509090007,05CHAR     ,5828.44,2487.3,574,42.68
0803040005,08FRUV     ,5857.7,2475.93,1212,42.27
0509160026,05CHAR     ,7694.96,2462.03,639,32.0
0805010010,08FRUV     ,6980.04,2425.8,673,34.75
0803020015,08FRUV     ,4294.59,2415.26,1271,56.24
0802040012,08FRUV     ,4195.28,2414.36,792,57.55
1302010096,05CHAR     ,6085.9,2412.0,404,39.63
0805020010,08FRUV     ,7179.01,2407.36,623,33.53
0801010031,08FRUV     ,4092.59,2397.98,869,58.59
0501010001,05CHAR     ,6313.48,2388.08,761,37.83
0801010032,08FRUV     ,4034.03,2379.62,779,58.99
0309030005,03CARN     ,21081.2,2361.67,1056,11.2
0305010001,03CARN     ,12833.38,2345.61,573,18.28
222125,05CHAR     ,10030.87,2341.11,1077,23.34
0805010190,08FRUV     ,7291.93,2336.14,1448,32.04
0802010029,08FRUV     ,5688.64,2329.09,645,40.94
0805010022,08FRUV     ,6883.84,2314.49,791,33.62
0805050046,08FRUV     ,3948.26,2312.67,336,58.57
0504030032,05CHAR     ,6186.58,2306.34,748,37.28
0801040019,08FRUV     ,6517.39,2305.93,685,35.38
0801020003,08FRUV     ,5865.26,2290.19,1104,39.05
0504030033,05CHAR     ,5520.07,2283.74,719,41.37
0805050120,08FRUV     ,8005.89,2278.08,906,28.46
0801010021,08FRUV     ,3976.87,2273.6,790,57.17
0306010013,03CARN     ,7215.16,2269.14,911,31.45
0509060017,05CHAR     ,8730.33,2267.18,616,25.97
0310010006,03CARN     ,6002.38,2256.54,598,37.59
0805010011,08FRUV     ,6719.09,2254.87,835,33.56
0803010001,08FRUV     ,4134.12,2243.45,938,54.27
0805050251,08FRUV     ,5400.1,2243.43,928,41.54
0805050097,08FRUV     ,3276.16,2228.22,380,68.01
0805050112,08FRUV     ,4477.02,2205.81,520,49.27
0805020017,08FRUV     ,4111.89,2203.28,481,53.58
0805050019,08FRUV     ,7004.99,2201.04,943,31.42
0805050284,08FRUV     ,5847.21,2198.63,844,37.6
0306010006,03CARN     ,6674.18,2191.95,737,32.84
0306010009,03CARN     ,6636.41,2169.58,688,32.69
0305020005,03CARN     ,6262.41,2164.29,834,34.56
0507020020,05CHAR     ,6190.68,2162.71,888,34.93
0310010007,03CARN     ,6010.17,2156.24,418,35.88
0302010042,03CARN     ,5501.16,2129.3,811,38.71
0805050283,08FRUV     ,5199.82,2118.62,937,40.74
0506030025,05CHAR     ,6444.53,2116.9,1323,32.85
0309040012,03CARN     ,2849.16,2085.76,272,73.21
0509100035,05CHAR     ,5770.91,2082.21,140,36.08
0503020049,05CHAR     ,9618.45,2078.77,189,21.61
0306010007,03CARN     ,6398.9,2061.19,754,32.21
0502010010,05CHAR     ,5122.13,2056.83,881,40.16
0501050049,05CHAR     ,6107.58,2053.68,912,33.63
0301030003,03CARN     ,6693.85,2047.18,557,30.58
0303010011,03CARN     ,4291.04,2045.27,559,47.66
0803010023,08FRUV     ,4481.38,2043.14,1106,45.59
0503040001,05CHAR     ,4394.73,2038.7,418,46.39
0803010003,08FRUV     ,4814.29,2036.7,1138,42.31
0805010012,08FRUV     ,5564.33,2030.93,598,36.5
0303030008,03CARN     ,2821.63,2013.22,394,71.35
0805010134,08FRUV     ,6053.57,2006.54,936,33.15
0501050041,05CHAR     ,7807.6,2003.82,709,25.66
0805010109,08FRUV     ,5752.85,2003.08,562,34.82
0301060010,03CARN     ,5422.26,1992.97,359,36.76
0805010017,08FRUV     ,6644.12,1991.27,592,29.97
0805010125,08FRUV     ,5022.17,1982.48,771,39.47
0305020007,03CARN     ,5438.65,1976.49,805,36.34
0805010270,08FRUV     ,6092.3,1975.83,704,32.43
0805050011,08FRUV     ,4556.37,1974.13,541,43.33
0805050048,08FRUV     ,2382.17,1967.77,456,82.6
0802040013,08FRUV     ,3039.19,1962.06,691,64.56
0802040001,08FRUV     ,4412.39,1958.41,263,44.38
0801010041,08FRUV     ,3974.14,1953.0,704,49.14
0507080006,05CHAR     ,4332.18,1950.67,183,45.03
0505030018,05CHAR     ,5146.14,1946.62,492,37.83
0805010007,08FRUV     ,5441.57,1946.41,638,35.77
0801050006,08FRUV     ,4636.75,1930.92,905,41.64
0509130027,05CHAR     ,5964.64,1919.67,35,32.18
0805050288,08FRUV     ,4369.41,1918.58,662,43.91
0507060003,05CHAR     ,4328.62,1914.83,245,44.24
0509060012,05CHAR     ,7027.23,1903.56,339,27.09
0504040035,05CHAR     ,5944.02,1899.42,177,31.96
0801010036,08FRUV     ,4342.95,1893.55,909,43.6
0501050038,05CHAR     ,4878.22,1892.75,894,38.8
0501050057,05CHAR     ,5181.24,1880.44,1013,36.29
0805020003,08FRUV     ,4444.52,1879.71,677,42.29
0805050040,08FRUV     ,2863.32,1878.29,797,65.6
0805050088,08FRUV     ,6275.4,1860.14,661,29.64
0302010043,03CARN     ,5163.97,1849.31,772,35.81
0507020002,05CHAR     ,4892.82,1840.66,386,37.62
0803010034,08FRUV     ,4070.81,1834.96,935,45.08
0805010106,08FRUV     ,4953.04,1810.91,483,36.56
0803020010,08FRUV     ,3099.31,1806.65,1254,58.29
0805010165,08FRUV     ,4752.13,1806.44,1059,38.01
0509120012,05CHAR     ,3644.62,1794.23,475,49.23
0805050214,08FRUV     ,4227.41,1790.91,807,42.36
0306010005,03CARN     ,4769.12,1786.91,629,37.47
0805050008,08FRUV     ,5043.82,1780.71,826,35.3
0805050293,08FRUV     ,3980.4,1779.46,503,44.71
0802040036,08FRUV     ,3807.43,1776.3,300,46.65
0302010038,03CARN     ,4944.05,1774.78,716,35.9
0502010334,05CHAR     ,6078.6,1766.95,909,29.07
0801010042,08FRUV     ,3461.88,1748.51,1563,50.51
0509070008,05CHAR     ,4564.09,1745.1,387,38.24
0805010104,08FRUV     ,4512.96,1738.15,871,38.51
0805010252,08FRUV     ,5762.06,1725.74,829,29.95
0506030022,05CHAR     ,4591.51,1718.53,1090,37.43
0507010002,05CHAR     ,6046.73,1715.57,397,28.37
0309040006,03CARN     ,2692.83,1698.53,372,63.08
0305020006,03CARN     ,4862.68,1692.97,751,34.82
0509100023,05CHAR     ,6368.39,1691.4,297,26.56
0504050007,05CHAR     ,5009.47,1689.66,397,33.73
0805010052,08FRUV     ,5040.03,1688.93,587,33.51
0302010011,03CARN     ,3829.99,1674.35,451,43.72
0509130033,05CHAR     ,6893.45,1673.17,46,24.27
0801010017,08FRUV     ,2618.41,1666.96,209,63.66
1403030007,08FRUV     ,3377.08,1665.46,745,49.32
0805050100,08FRUV     ,3827.58,1658.95,605,43.34
0805050289,08FRUV     ,4044.44,1658.73,828,41.01
0509100036,05CHAR     ,6704.3,1655.93,93,24.7
0305010009,03CARN     ,5649.46,1654.21,734,29.28
0805050252,08FRUV     ,2811.37,1652.23,647,58.77
0505010020,05CHAR     ,4675.85,1648.91,610,35.26
0805050291,08FRUV     ,3975.12,1644.29,938,41.36
0805010018,08FRUV     ,4990.14,1642.7,709,32.92
0805010071,08FRUV     ,4819.56,1637.41,637,33.97
0801010035,08FRUV     ,2768.48,1628.68,717,58.83
0805010079,08FRUV     ,3579.6,1625.62,410,45.41
0805010051,08FRUV     ,4915.36,1614.05,590,32.84
0502080087,05CHAR     ,4745.65,1591.83,1266,33.54
0805010280,08FRUV     ,4764.35,1581.75,689,33.2
0301060015,03CARN     ,4136.4,1567.05,359,37.88
0805010153,08FRUV     ,4704.54,1565.34,643,33.27
0305010010,03CARN     ,5167.21,1558.92,764,30.17
0805010154,08FRUV     ,4630.92,1541.72,680,33.29
1303030007,05CHAR     ,4251.76,1535.7,536,36.12
0504030043,05CHAR     ,5326.73,1528.36,474,28.69
1303010067,05CHAR     ,4082.43,1519.82,643,37.23
0507020025,05CHAR     ,4038.98,1515.03,254,37.51
0805050154,08FRUV     ,3786.02,1510.64,480,39.9
0505030043,05CHAR     ,3677.03,1510.57,338,41.08
0508020009,05CHAR     ,4146.3,1504.32,532,36.28
0406020024,05CHAR     ,4401.09,1502.59,307,34.14
0805030002,08FRUV     ,3734.83,1499.05,644,40.14
0802040016,08FRUV     ,3183.43,1497.25,386,47.03
0803010017,08FRUV     ,3423.71,1497.22,1152,43.73
0302010026,03CARN     ,4148.25,1482.14,631,35.73
0507020026,05CHAR     ,4383.98,1480.13,491,33.76
0806010003,08FRUV     ,3481.48,1465.47,891,42.09
0805050308,08FRUV     ,3994.82,1464.2,1008,36.65
0805050253,08FRUV     ,1555.79,1461.73,492,93.95
0310020015,03CARN     ,4017.53,1453.89,571,36.19
0805020013,08FRUV     ,6399.78,1446.51,522,22.6
0805010281,08FRUV     ,4809.64,1443.5,709,30.01
0802040014,08FRUV     ,2493.9,1439.24,505,57.71
0509160023,05CHAR     ,4204.49,1437.9,159,34.2
0805050002,08FRUV     ,3149.5,1434.41,919,45.54
0406020017,05CHAR     ,3322.59,1430.96,195,43.07
0805010161,08FRUV     ,3824.03,1415.26,940,37.01
0503040012,05CHAR     ,3911.04,1413.58,474,36.14
0805010162,08FRUV     ,3737.98,1410.25,963,37.73
0305010011,03CARN     ,4633.99,1409.7,760,30.42
0509150024,05CHAR     ,4233.66,1404.6,423,33.18
0802040028,08FRUV     ,2991.16,1402.25,351,46.88
0805010152,08FRUV     ,4249.0,1401.99,668,33.0
1308010004,05CHAR     ,3356.38,1401.93,772,41.77
0505030037,05CHAR     ,3872.47,1401.5,567,36.19
0805010238,08FRUV     ,4140.22,1395.96,385,33.72
0803010025,08FRUV     ,2341.56,1395.1,691,59.58
0301060003,03CARN     ,3657.08,1391.42,318,38.05
0305020015,03CARN     ,4183.69,1371.46,623,32.78
0805050047,08FRUV     ,3697.36,1370.61,885,37.07
0301010003,03CARN     ,3292.69,1366.89,115,41.51
0805010138,08FRUV     ,4153.81,1352.58,768,32.56
0501100003,05CHAR     ,4077.62,1348.66,240,33.07
0802010018,08FRUV     ,3171.22,1343.2,582,42.36
0507020018,05CHAR     ,3710.52,1337.59,365,36.05
0805050183,08FRUV     ,2264.21,1335.78,542,59.0
0802020002,08FRUV     ,2152.83,1331.76,947,61.86
0805050025,08FRUV     ,3332.78,1312.2,979,39.37
0513010013,05CHAR     ,3895.07,1307.76,310,33.57
0310020017,03CARN     ,3555.12,1305.79,505,36.73
0805010146,08FRUV     ,3958.65,1302.71,814,32.91
0302010041,03CARN     ,3382.98,1291.17,538,38.17
0802040035,08FRUV     ,2384.52,1284.57,149,53.87
0305010012,03CARN     ,4116.76,1279.26,788,31.07
0502040024,05CHAR     ,3398.43,1278.02,549,37.61
0805010157,08FRUV     ,3817.56,1268.41,676,33.23
0805050043,08FRUV     ,2931.21,1263.95,948,43.12
0502080101,05CHAR     ,3482.51,1257.42,379,36.11
0805030005,08FRUV     ,3582.4,1253.05,413,34.98
0805050285,08FRUV     ,2801.43,1250.03,900,44.62
0505010019,05CHAR     ,4036.3,1248.77,475,30.94
0302010023,03CARN     ,3565.44,1242.91,429,34.86
0509030066,05CHAR     ,3847.1,1239.04,512,32.21
0805010072,08FRUV     ,3187.75,1231.38,443,38.63
0805050057,08FRUV     ,2481.08,1230.93,577,49.61
0302010024,03CARN     ,3369.57,1224.58,416,36.34
0805050282,08FRUV     ,3730.89,1224.02,830,32.81
1303030018,05CHAR     ,4445.92,1222.93,713,27.51
0805050026,08FRUV     ,3453.59,1220.12,837,35.33
0302010025,03CARN     ,3558.62,1215.87,441,34.17
0805050305,08FRUV     ,3190.33,1213.74,535,38.04
0805010144,08FRUV     ,3500.3,1207.79,798,34.51
0406020018,05CHAR     ,3068.45,1193.26,214,38.89
0302010046,03CARN     ,2937.72,1193.13,386,40.61
0509040017,05CHAR     ,3749.59,1191.95,338,31.79
0805010013,08FRUV     ,3316.25,1190.99,685,35.91
0512010012,05CHAR     ,3274.37,1190.03,769,36.34
0509100034,05CHAR     ,3634.36,1189.07,71,32.72
0505030039,05CHAR     ,3526.65,1171.91,192,33.23
0805050086,08FRUV     ,3752.39,1171.83,581,31.23
0509020007,05CHAR     ,3244.23,1164.62,300,35.9
0502040034,05CHAR     ,3089.72,1164.11,561,37.68
0303010021,03CARN     ,2049.67,1152.44,39,56.23
0805050023,08FRUV     ,3413.69,1151.85,718,33.74
0805050109,08FRUV     ,2599.89,1148.21,278,44.16
0805010275,08FRUV     ,3404.66,1146.02,603,33.66
0805010240,08FRUV     ,3065.05,1139.23,603,37.17
0502080094,03CARN     ,3021.33,1136.61,587,37.62
0802040043,08FRUV     ,2064.15,1117.52,131,54.14
0509150026,05CHAR     ,2643.21,1111.97,204,42.07
0803010005,08FRUV     ,1735.16,1104.46,353,63.65
0805010272,08FRUV     ,3367.86,1100.31,557,32.67
0509100008,05CHAR     ,3005.27,1093.9,254,36.4
0805010266,08FRUV     ,3351.78,1081.88,516,32.28
1303010001,05CHAR     ,3361.77,1079.01,703,32.1
0802040005,08FRUV     ,2006.7,1076.16,455,53.63
0507100030,05CHAR     ,2955.7,1074.8,260,36.36
0505010018,05CHAR     ,3607.07,1068.97,650,29.64
0802010023,08FRUV     ,2468.04,1064.22,398,43.12
0805010053,08FRUV     ,2903.57,1055.99,441,36.37
0805010265,08FRUV     ,3119.09,1049.61,252,33.65
0805010276,08FRUV     ,3197.16,1047.33,540,32.76
0805050095,08FRUV     ,2207.07,1044.2,151,47.31
0509160029,05CHAR     ,2905.13,1042.39,244,35.88
0509110003,05CHAR     ,1991.02,1041.97,89,52.33
0801020014,08FRUV     ,2299.12,1037.98,582,45.15
0502040057,05CHAR     ,3725.79,1034.78,477,27.77
0805010254,08FRUV     ,2970.6,1025.1,477,34.51
0509110004,05CHAR     ,3002.57,1022.29,282,34.05
0805010140,08FRUV     ,3089.66,1021.05,616,33.05
0302010037,03CARN     ,2256.43,1013.5,365,44.92
0805020027,08FRUV     ,2808.54,1007.72,421,35.88
0805050212,08FRUV     ,2229.04,1002.51,719,44.97
0805010139,08FRUV     ,2979.18,995.72,552,33.42
0502080031,05CHAR     ,2627.05,995.69,424,37.9
0805010001,08FRUV     ,3505.52,993.13,473,28.33
0310020016,03CARN     ,2844.02,986.29,452,34.68
0805050144,08FRUV     ,2493.14,973.88,675,39.06
0802010034,08FRUV     ,1908.69,961.3,527,50.36
0805050189,08FRUV     ,1524.94,950.29,305,62.32
0805050295,08FRUV     ,2282.1,940.84,224,41.23
0805010291,08FRUV     ,2481.7,933.51,241,37.62
0802010014,08FRUV     ,2183.64,932.45,505,42.7
0805010142,08FRUV     ,2832.31,922.3,647,32.56
0509140010,05CHAR     ,3852.8,922.3,196,23.94
0805050299,08FRUV     ,2521.31,920.55,922,36.51
0507010003,05CHAR     ,3247.24,919.54,335,28.32
0805010158,08FRUV     ,2795.53,919.31,566,32.88
0805010062,08FRUV     ,2745.37,918.01,393,33.44
0509160027,05CHAR     ,2798.53,913.99,263,32.66
0805050087,08FRUV     ,2533.18,903.04,468,35.65
0305010027,03CARN     ,2697.77,888.99,405,32.95
0802040033,08FRUV     ,1415.91,887.18,166,62.66
0509030071,05CHAR     ,5067.63,886.09,294,17.49
0805010029,08FRUV     ,2810.97,872.35,195,31.03
0805010137,08FRUV     ,2666.82,871.44,522,32.68
0805050115,08FRUV     ,1730.69,871.31,613,50.34
0509060015,05CHAR     ,2575.07,866.72,275,33.66
0509100026,05CHAR     ,3936.33,864.68,100,21.97
0805010141,08FRUV     ,2676.73,861.08,601,32.17
0509040018,05CHAR     ,2519.76,860.92,267,34.17
0505010013,05CHAR     ,2132.67,860.62,192,40.35
0805010174,08FRUV     ,2479.59,859.84,445,34.68
0504030045,05CHAR     ,2772.06,854.06,175,30.81
0805040012,08FRUV     ,2388.52,852.65,250,35.7
0806020009,08FRUV     ,1826.13,852.5,559,46.68
0805010258,08FRUV     ,2768.13,852.27,238,30.79
0805010167,08FRUV     ,2057.19,848.58,793,41.25
0805010249,08FRUV     ,2492.3,847.29,257,34.0
0805010248,08FRUV     ,2356.87,842.77,464,35.76
0508090029,05CHAR     ,1928.05,837.74,147,43.45
0302010013,03CARN     ,836.75,836.75,156,100.0
0805050256,08FRUV     ,1126.03,830.01,357,73.71
0502080092,05CHAR     ,2380.63,814.82,360,34.23
1303010002,05CHAR     ,2616.42,808.47,395,30.9
0805030003,08FRUV     ,2342.47,799.41,659,34.13
0805050113,08FRUV     ,1593.54,798.33,642,50.1
0507020006,05CHAR     ,2231.25,795.36,135,35.65
0805010176,08FRUV     ,2179.13,792.74,470,36.38
0805010128,08FRUV     ,2054.46,787.21,771,38.32
0802010001,08FRUV     ,1775.98,786.09,169,44.26
0512010005,05CHAR     ,2267.44,780.11,439,34.4
0805010274,08FRUV     ,2119.74,776.13,465,36.61
0805010192,08FRUV     ,2278.47,773.81,492,33.96
0502040052,05CHAR     ,2357.41,764.6,155,32.43
0805010271,08FRUV     ,2520.54,764.06,541,30.31
0503020048,05CHAR     ,1944.52,763.59,126,39.27
0505010029,05CHAR     ,2106.86,761.81,425,36.16
0805010148,08FRUV     ,2237.4,756.75,508,33.82
0507010007,05CHAR     ,2454.76,754.8,250,30.75
0501030017,05CHAR     ,1180.38,747.5,82,63.33
0805010290,08FRUV     ,1613.66,745.16,251,46.18
1608130025,08FRUV     ,2279.83,742.33,379,32.56
0508050011,05CHAR     ,2591.8,734.19,239,28.33
0805050069,08FRUV     ,991.62,732.2,211,73.84
0502080095,03CARN     ,1649.33,730.08,350,44.27
0803010015,08FRUV     ,1861.34,728.27,233,39.13
0301060012,03CARN     ,2256.08,726.53,152,32.2
0502080099,05CHAR     ,1598.67,723.01,185,45.23
0502020026,05CHAR     ,1387.91,720.28,67,51.9
0309020006,03CARN     ,1144.76,719.24,100,62.83
0502080075,05CHAR     ,1925.23,713.27,197,37.05
0805010131,08FRUV     ,1700.07,712.04,251,41.88
0309020022,03CARN     ,1137.36,710.23,92,62.45
0309020021,03CARN     ,1151.17,710.04,119,61.68
0509140009,05CHAR     ,1803.14,709.94,114,39.37
0503040061,05CHAR     ,2128.09,708.23,304,33.28
0508090010,05CHAR     ,1658.08,705.97,163,42.58
0310020018,03CARN     ,1677.43,704.31,220,41.99
0802020003,08FRUV     ,1535.3,698.65,774,45.51
0805010019,08FRUV     ,2513.91,694.3,531,27.62
0805050259,08FRUV     ,1761.78,693.9,208,39.39
0509130032,05CHAR     ,2059.25,689.44,289,33.48
0508090035,05CHAR     ,2050.13,686.36,66,33.48
0805050121,08FRUV     ,1077.15,684.38,164,63.54
0805010129,08FRUV     ,1364.46,680.51,402,49.87
0802040034,08FRUV     ,1032.51,679.68,121,65.83
0511040004,05CHAR     ,2206.86,678.05,414,30.72
0805050106,08FRUV     ,2151.58,677.24,221,31.48
0505030032,05CHAR     ,2178.69,674.11,385,30.94
1302010090,05CHAR     ,2001.03,668.94,245,33.43
0805010197,08FRUV     ,1938.65,668.24,920,34.47
0805050303,08FRUV     ,1908.33,665.77,760,34.89
0505010031,05CHAR     ,1782.46,664.3,376,37.27
0805040002,08FRUV     ,2118.2,654.97,230,30.92
0805010245,08FRUV     ,1628.66,652.1,386,40.04
0301060002,03CARN     ,1374.46,647.67,62,47.12
0805010164,08FRUV     ,1755.09,644.44,404,36.72
0303030022,03CARN     ,927.99,642.95,57,69.28
0805050090,08FRUV     ,740.85,632.96,141,85.44
0502080100,05CHAR     ,1517.65,632.75,170,41.69
0503030034,05CHAR     ,1615.39,631.44,318,39.09
0805050101,08FRUV     ,947.3,627.73,671,66.27
0505010015,05CHAR     ,1659.15,624.15,305,37.62
0502080042,05CHAR     ,1721.4,623.17,190,36.2
0805050108,08FRUV     ,1046.68,613.94,533,58.66
0304010015,03CARN     ,993.95,613.07,96,61.68
0805010127,08FRUV     ,1459.82,608.22,302,41.66
0805050255,08FRUV     ,1175.04,602.37,298,51.26
0504040018,05CHAR     ,1307.74,601.68,148,46.01
0805010024,08FRUV     ,1697.87,593.15,298,34.93
0802010008,08FRUV     ,1360.08,590.86,382,43.44
0805010151,08FRUV     ,1659.8,584.09,421,35.19
0308050021,03CARN     ,1012.99,581.16,185,57.37
0304010009,03CARN     ,909.17,579.63,89,63.75
0805010189,08FRUV     ,1770.27,575.72,814,32.52
0503030063,05CHAR     ,1744.19,571.89,112,32.79
0805010130,08FRUV     ,1652.05,569.26,248,34.46
0805010278,08FRUV     ,1590.52,562.16,421,35.34
0805020023,08FRUV     ,670.88,561.87,219,83.75
0502080071,05CHAR     ,1518.53,561.57,167,36.98
0507020024,05CHAR     ,1502.46,559.03,187,37.21
0502080039,05CHAR     ,1467.98,554.84,172,37.8
0501090064,05CHAR     ,1667.73,554.69,185,33.26
0509080003,05CHAR     ,1102.84,545.87,90,49.5
0504020028,05CHAR     ,1574.89,544.7,149,34.59
0310020004,03CARN     ,1490.01,540.72,127,36.29
0801040001,08FRUV     ,1299.67,539.95,485,41.55
0302010008,03CARN     ,2885.91,539.13,201,18.68
0802010011,08FRUV     ,1387.44,539.12,463,38.86
0502040017,05CHAR     ,1568.94,536.0,263,34.16
0801010023,08FRUV     ,1000.54,532.7,127,53.24
0802040038,08FRUV     ,1348.35,531.87,197,39.45
0805010049,08FRUV     ,1509.65,527.21,254,34.92
0502080061,05CHAR     ,1464.04,521.59,138,35.63
0504050006,05CHAR     ,1282.63,518.78,325,40.45
0805010166,08FRUV     ,1258.63,510.83,611,40.59
0506030026,05CHAR     ,1170.32,510.81,308,43.65
0805010188,08FRUV     ,1511.84,506.46,539,33.5
0803010042,08FRUV     ,1192.68,506.41,266,42.46
0509060010,05CHAR     ,1460.42,506.22,253,34.66
0503020047,05CHAR     ,1716.99,506.09,126,29.48
0805010168,08FRUV     ,1226.93,505.24,608,41.18
0509010012,05CHAR     ,1638.29,503.62,52,30.74
0805010277,08FRUV     ,1484.67,501.71,487,33.79
0305010045,03CARN     ,1313.98,497.1,82,37.83
0804010004,08FRUV     ,1220.53,495.81,188,40.62
0805010155,08FRUV     ,1477.56,495.7,402,33.55
0502040053,05CHAR     ,1868.76,486.18,222,26.02
0501090057,05CHAR     ,1339.82,483.12,161,36.06
0805030004,08FRUV     ,1398.98,476.91,422,34.09
0502080073,05CHAR     ,1245.66,475.99,154,38.21
0802040042,08FRUV     ,1129.44,474.49,86,42.01
0803010061,08FRUV     ,1131.42,473.06,116,41.81
0805050003,08FRUV     ,741.22,472.53,94,63.75
05010500025,05CHAR     ,1478.77,469.3,125,31.74
0503020045,05CHAR     ,1531.37,467.25,107,30.51
0509150027,05CHAR     ,1200.34,467.06,142,38.91
1303010060,05CHAR     ,1496.66,464.31,379,31.02
0805010149,08FRUV     ,1336.6,461.02,147,34.49
0805050304,08FRUV     ,1188.63,456.18,214,38.38
1302010092,05CHAR     ,1377.1,455.7,183,33.09
0502080041,05CHAR     ,1107.54,454.54,141,41.04
0501090060,05CHAR     ,1370.05,453.62,159,33.11
0502080072,05CHAR     ,1191.12,452.98,124,38.03
0502040021,05CHAR     ,1145.99,452.71,206,39.5
0501090056,05CHAR     ,1218.97,447.93,171,36.75
0805010288,08FRUV     ,1191.52,446.67,276,37.49
0805010008,08FRUV     ,1175.24,445.37,184,37.9
0805050163,08FRUV     ,1140.51,445.29,374,39.04
0305030002,03CARN     ,1202.86,444.07,114,36.92
0805010147,08FRUV     ,1304.17,435.28,256,33.38
0805010199,08FRUV     ,1210.34,433.59,760,35.82
0303030013,03CARN     ,891.02,433.22,179,48.62
0805010156,08FRUV     ,1297.7,432.4,364,33.32
1302010086,05CHAR     ,1269.69,430.28,179,33.89
0305010008,03CARN     ,1242.49,423.11,161,34.05
0805020033,08FRUV     ,851.3,422.86,205,49.67
0509040009,05CHAR     ,1173.87,419.49,171,35.74
1302010087,05CHAR     ,1219.34,417.01,177,34.2
0801020015,08FRUV     ,1436.64,416.62,227,29.0
0501090061,05CHAR     ,1215.82,414.83,142,34.12
0509030068,05CHAR     ,1110.41,409.28,121,36.86
0501090062,05CHAR     ,1218.63,408.72,146,33.54
0505030042,05CHAR     ,969.35,406.47,152,41.93
0305010049,03CARN     ,1238.69,404.2,172,32.63
0503050027,05CHAR     ,1116.49,398.99,109,35.74
1302010132,05CHAR     ,959.33,393.82,101,41.05
0507010006,05CHAR     ,1193.17,391.68,147,32.83
0301060020,03CARN     ,862.88,391.35,44,45.35
0805010287,08FRUV     ,1216.2,391.11,269,32.16
0502080035,05CHAR     ,962.43,390.44,119,40.57
0805040005,08FRUV     ,1247.32,389.96,124,31.26
0805050164,08FRUV     ,1024.8,386.12,314,37.68
0805050249,08FRUV     ,1126.47,383.98,207,34.09
0401070006,05CHAR     ,1650.09,381.04,228,23.09
0303010001,03CARN     ,849.5,375.85,189,44.24
0805010182,08FRUV     ,926.01,375.68,140,40.57
0802020011,08FRUV     ,1027.98,375.61,207,36.54
0805020014,08FRUV     ,1125.57,373.22,207,33.16
0502080060,05CHAR     ,958.18,372.44,115,38.87
0301060019,03CARN     ,773.27,371.45,33,48.04
0509160018,05CHAR     ,1622.79,367.41,94,22.64
0805010187,08FRUV     ,1087.52,363.04,571,33.38
0805010069,08FRUV     ,993.87,359.09,97,36.13
0805010244,08FRUV     ,982.69,356.1,306,36.24
0805010286,08FRUV     ,1091.68,352.51,230,32.29
0507010005,05CHAR     ,1022.95,350.56,126,34.27
1303060016,05CHAR     ,941.48,349.61,190,37.13
0805050155,08FRUV     ,1000.31,348.49,202,34.84
0502080076,05CHAR     ,843.57,347.49,103,41.19
0308040006,03CARN     ,1469.4,346.25,50,23.56
0805010171,08FRUV     ,1053.03,346.16,258,32.87
0505030040,05CHAR     ,841.0,345.24,131,41.05
0509150021,05CHAR     ,1419.89,345.0,138,24.3
0501090065,05CHAR     ,985.57,344.94,125,35.0
0805050134,08FRUV     ,2208.58,344.59,762,15.6
0805010047,08FRUV     ,1035.98,344.19,166,33.22
0805010113,08FRUV     ,994.94,340.44,256,34.22
0303010006,03CARN     ,1484.64,339.74,111,22.88
0509120008,05CHAR     ,911.02,337.07,95,37.0
0502080043,05CHAR     ,733.58,329.42,93,44.91
0308050002,03CARN     ,563.36,327.38,99,58.11
0805010284,08FRUV     ,972.19,324.95,206,33.42
0513010001,05CHAR     ,745.16,320.87,88,43.06
0803010057,08FRUV     ,859.36,317.46,366,36.94
0805050302,08FRUV     ,841.31,316.62,202,37.63
0509130035,05CHAR     ,757.09,315.54,92,41.68
0805010196,08FRUV     ,822.04,315.22,309,38.35
0505030005,05CHAR     ,811.48,312.66,134,38.53
0503020044,05CHAR     ,953.59,306.33,39,32.12
0805020005,08FRUV     ,451.83,306.26,58,67.78
0803010055,08FRUV     ,728.21,304.85,400,41.86
0509150022,05CHAR     ,1490.35,304.76,95,20.45
0503040066,05CHAR     ,1251.36,299.82,64,23.96
1303050013,05CHAR     ,1189.01,297.87,377,25.05
0502080102,05CHAR     ,973.16,295.93,238,30.41
0805050150,08FRUV     ,882.05,295.62,232,33.52
0308050018,03CARN     ,457.27,293.33,11,64.15
0802040037,08FRUV     ,523.73,292.56,115,55.86
0805050153,08FRUV     ,693.38,289.75,122,41.79
0803020013,08FRUV     ,637.39,289.31,288,45.39
0505010027,05CHAR     ,830.9,283.96,228,34.17
0501090063,05CHAR     ,872.66,282.53,97,32.38
0508100001,05CHAR     ,852.52,282.43,158,33.13
0509150028,05CHAR     ,721.29,282.04,96,39.1
0801030004,08FRUV     ,642.17,280.44,222,43.67
0803010018,08FRUV     ,512.17,279.49,288,54.57
0805010122,08FRUV     ,715.84,277.59,212,38.78
1306020013,05CHAR     ,869.75,276.66,78,31.81
1303050011,05CHAR     ,926.71,276.19,310,29.8
0505040014,05CHAR     ,1116.89,275.69,255,24.68
1302010089,05CHAR     ,853.53,274.1,106,32.11
0803050005,08FRUV     ,694.32,270.8,436,39.0
0305030006,03CARN     ,765.06,270.41,96,35.34
0509130006,05CHAR     ,596.62,269.2,39,45.12
0802010042,08FRUV     ,971.56,266.9,98,27.47
0805010268,08FRUV     ,795.78,264.61,292,33.25
0508090024,05CHAR     ,950.52,264.05,96,27.78
0805030006,08FRUV     ,772.83,262.84,432,34.01
0303030014,03CARN     ,259.93,259.93,45,100.0
0805010269,08FRUV     ,755.13,259.79,290,34.4
0805010181,08FRUV     ,725.54,259.2,229,35.73
0803010056,08FRUV     ,698.68,257.65,375,36.88
0801040004,08FRUV     ,369.03,257.15,139,69.68
0805010183,08FRUV     ,529.35,255.45,82,48.26
0801030009,08FRUV     ,280.85,255.17,75,90.86
0509180028,05CHAR     ,430.42,253.86,64,58.98
0805050221,08FRUV     ,581.22,252.47,116,43.44
0805010110,08FRUV     ,710.95,252.02,111,35.45
0507080035,05CHAR     ,845.41,246.75,44,29.19
0309040001,03CARN     ,434.33,246.6,79,56.78
0805010267,08FRUV     ,723.32,240.88,270,33.3
0505030041,05CHAR     ,577.87,236.91,79,41.0
0805010191,08FRUV     ,670.91,232.92,191,34.72
0508010001,05CHAR     ,71375.18,229.94,1217,0.32
0805010172,08FRUV     ,681.64,228.7,235,33.55
0501090055,05CHAR     ,674.5,228.26,93,33.84
0509040010,05CHAR     ,622.96,224.62,93,36.06
0508020008,05CHAR     ,853.85,223.72,97,26.2
0805020029,08FRUV     ,624.16,219.41,68,35.15
0803010047,08FRUV     ,504.31,217.94,109,43.22
0805010065,08FRUV     ,534.89,216.77,91,40.53
0509100016,05CHAR     ,510.21,215.08,40,42.16
0805010105,08FRUV     ,497.83,213.14,72,42.81
0802040041,08FRUV     ,438.39,209.76,105,47.85
0303030003,03CARN     ,274.32,209.63,40,76.42
0806030001,08FRUV     ,617.86,209.03,218,33.83
0805050301,08FRUV     ,618.3,208.97,236,33.8
0803010008,08FRUV     ,381.7,208.67,114,54.67
0802010036,08FRUV     ,598.0,206.43,73,34.52
0803040001,08FRUV     ,471.25,205.31,164,43.57
0805050290,08FRUV     ,294.67,200.53,34,68.05
0805050093,08FRUV     ,235.16,197.91,52,84.16
0805010262,08FRUV     ,499.24,195.2,159,39.1
0805010124,08FRUV     ,472.98,187.97,111,39.74
0509040011,05CHAR     ,497.3,187.58,74,37.72
0505040001,05CHAR     ,458.52,186.89,79,40.76
0509160021,05CHAR     ,597.2,186.85,54,31.29
0509160009,05CHAR     ,529.45,185.44,52,35.03
0803020017,08FRUV     ,361.55,183.47,198,50.75
0501050056,05CHAR     ,417.92,183.34,111,43.87
0304010039,03CARN     ,346.49,178.07,53,51.39
0509160025,05CHAR     ,194.79,174.85,16,89.76
0509040015,05CHAR     ,476.09,174.35,69,36.62
0502030010,03CARN     ,433.76,173.89,87,40.09
0502080074,05CHAR     ,452.02,171.05,48,37.84
0503020011,05CHAR     ,619.94,170.9,44,27.57
0502040041,05CHAR     ,409.14,166.87,50,40.79
0802040040,08FRUV     ,316.54,165.78,88,52.37
0505030011,05CHAR     ,346.13,163.83,55,47.33
0308050003,03CARN     ,282.78,161.45,51,57.09
0502080105,05CHAR     ,569.71,160.4,56,28.15
0310010004,03CARN     ,409.4,159.21,30,38.89
0805050287,08FRUV     ,307.35,157.78,54,51.34
0803020020,08FRUV     ,379.12,156.71,141,41.34
0509040002,05CHAR     ,1011.88,156.6,82,15.48
0805050292,08FRUV     ,389.94,156.3,89,40.08
0801020021,08FRUV     ,400.65,151.11,132,37.72
0805010239,08FRUV     ,459.7,151.09,214,32.87
1303010063,05CHAR     ,429.48,149.82,98,34.88
0509010013,05CHAR     ,554.1,149.25,85,26.94
0306020002,03CARN     ,11636.12,147.94,1174,1.27
0505010033,05CHAR     ,305.25,147.16,75,48.21
0801050003,08FRUV     ,385.07,146.48,84,38.04
0502080104,05CHAR     ,511.13,145.45,66,28.46
0509040012,05CHAR     ,367.48,144.44,55,39.31
0803010026,08FRUV     ,224.01,142.74,122,63.72
0309040002,03CARN     ,181.08,142.54,23,78.72
0805010194,08FRUV     ,398.72,141.96,191,35.6
0306010012,03CARN     ,437.54,140.11,89,32.02
0805030010,08FRUV     ,400.33,137.07,279,34.24
0805010195,08FRUV     ,375.84,136.82,191,36.4
0502020023,05CHAR     ,257.57,135.89,21,52.76
0805030008,08FRUV     ,399.96,133.89,265,33.48
0803010004,08FRUV     ,190.98,133.67,58,69.99
0509100009,05CHAR     ,345.23,132.43,48,38.36
0507100029,05CHAR     ,433.54,131.01,48,30.22
0510010002,05CHAR     ,401.41,130.13,102,32.42
0509040013,05CHAR     ,326.71,127.87,48,39.14
1303030008,05CHAR     ,300.19,127.85,56,42.59
0805030009,08FRUV     ,373.41,125.49,259,33.61
0306010011,03CARN     ,323.03,124.82,78,38.64
0512010006,05CHAR     ,324.69,124.71,52,38.41
0803020019,08FRUV     ,212.33,122.75,32,57.81
0509130030,05CHAR     ,320.72,122.42,45,38.17
0509160030,05CHAR     ,343.59,116.55,45,33.92
0503020015,05CHAR     ,244.85,116.1,21,47.42
0507020027,05CHAR     ,433.92,115.76,39,26.68
0505030045,05CHAR     ,329.72,112.33,84,34.07
0502040006,05CHAR     ,284.64,111.04,42,39.01
0801020020,08FRUV     ,416.71,110.09,127,26.42
0805050136,08FRUV     ,2653.7,106.96,795,4.03
0308040008,03CARN     ,286.52,106.45,16,37.15
0802040039,08FRUV     ,213.56,105.77,27,49.53
0305010032,03CARN     ,238.55,104.22,23,43.69
0805010193,08FRUV     ,292.7,102.73,127,35.1
1302010131,05CHAR     ,355.02,102.1,43,28.76
0801050011,08FRUV     ,268.86,101.58,45,37.78
0805050242,08FRUV     ,125.46,101.46,51,80.87
0301060014,03CARN     ,216.01,100.11,31,46.35
0507020028,05CHAR     ,298.5,98.72,21,33.07
0801030003,08FRUV     ,253.89,98.04,141,38.62
1303010064,05CHAR     ,293.67,96.95,39,33.01
1303030016,05CHAR     ,284.63,96.17,74,33.79
0305010006,03CARN     ,244.14,92.93,36,38.06
0509010014,05CHAR     ,221.99,91.53,30,41.23
0303020004,03CARN     ,98.86,90.09,2,91.13
0502030019,05CHAR     ,131.64,88.51,15,67.24
0805010063,08FRUV     ,250.42,88.23,95,35.23
0302010027,03CARN     ,177.95,87.79,21,49.33
0306010010,03CARN     ,216.07,87.27,49,40.39
0303050002,03CARN     ,84.82,84.82,43,100.0
1303010070,05CHAR     ,185.7,83.48,25,44.95
0503020022,05CHAR     ,305.03,81.99,10,26.88
0805050228,08FRUV     ,252.02,80.82,79,32.07
0508010002,05CHAR     ,50952.82,80.48,1187,0.16
0805050267,08FRUV     ,220.85,78.75,109,35.66
0805010074,08FRUV     ,125.46,75.4,60,60.1
0805050055,08FRUV     ,282.8,74.41,30,26.31
0802010041,08FRUV     ,201.21,73.76,59,36.66
0502020010,05CHAR     ,199.88,73.13,10,36.59
0805010247,08FRUV     ,185.71,71.4,70,38.45
0805010243,08FRUV     ,171.82,69.68,93,40.55
0805050250,08FRUV     ,127.11,69.0,69,54.28
0509040016,05CHAR     ,167.71,68.97,26,41.12
0305020001,03CARN     ,222.0,67.97,44,30.62
0805010136,08FRUV     ,194.29,66.98,59,34.47
0507010011,05CHAR     ,196.42,66.56,23,33.89
0802010033,08FRUV     ,188.22,66.35,65,35.25
0309040008,03CARN     ,110.7,64.29,6,58.08
0805050300,08FRUV     ,183.75,62.32,119,33.92
0505030044,05CHAR     ,180.74,61.53,59,34.04
0803020025,08FRUV     ,82.57,61.51,51,74.49
0509130031,05CHAR     ,145.67,59.51,31,40.85
0803050001,08FRUV     ,177.93,59.15,80,33.24
0805020030,08FRUV     ,134.4,57.35,26,42.67
0509020002,05CHAR     ,123.29,56.8,23,46.07
0507100009,05CHAR     ,150.05,55.52,11,37.0
0805050286,08FRUV     ,155.02,55.5,39,35.8
0803010021,08FRUV     ,105.84,54.51,88,51.5
0802050004,08FRUV     ,174.09,54.48,36,31.29
0509180027,05CHAR     ,82.23,54.22,14,65.94
0503020013,05CHAR     ,171.39,54.0,5,31.51
0303010024,03CARN     ,117.88,52.97,17,44.94
0805010077,08FRUV     ,89.16,52.41,39,58.78
0303010009,03CARN     ,68.24,51.5,11,75.47
0805020024,08FRUV     ,164.35,51.19,24,31.15
0805010241,08FRUV     ,144.36,50.53,16,35.0
0302010040,03CARN     ,98.64,50.02,14,50.71
0805010175,08FRUV     ,140.6,50.0,29,35.56
0310010005,03CARN     ,113.38,49.37,23,43.54
0509180020,05CHAR     ,137.56,48.85,20,35.51
0306010014,03CARN     ,153.38,45.53,27,29.68
0303010002,03CARN     ,76.13,45.32,14,59.53
0509180003,05CHAR     ,91.02,44.22,13,48.58
0805010242,08FRUV     ,126.45,44.17,11,34.93
0805010003,08FRUV     ,129.0,42.6,76,33.02
0306010016,03CARN     ,118.07,42.21,29,35.75
0805010030,08FRUV     ,122.45,41.3,12,33.73
0509150006,05CHAR     ,168.44,41.24,12,24.48
0509160015,05CHAR     ,100.12,39.57,9,39.52
0806010014,08FRUV     ,97.24,39.45,48,40.57
0305030008,03CARN     ,79.48,39.18,11,49.3
0802010028,08FRUV     ,104.64,39.12,17,37.39
0805020009,08FRUV     ,208.67,38.26,37,18.34
0507100008,05CHAR     ,138.77,38.11,11,27.46
1103010010,03CARN     ,8265.02,36.96,544,0.45
0805010173,08FRUV     ,107.44,36.91,44,34.35
0503030061,05CHAR     ,53.85,35.15,3,65.27
0802010031,08FRUV     ,97.32,34.67,26,35.62
0501090066,05CHAR     ,84.53,34.37,5,40.66
0308020002,03CARN     ,409.48,33.75,117,8.24
0805010108,08FRUV     ,98.4,33.38,27,33.92
0511050033,05CHAR     ,139.85,33.22,19,23.75
0805010121,08FRUV     ,81.33,33.1,36,40.7
0805010283,08FRUV     ,89.27,32.67,15,36.6
0310020012,03CARN     ,71.23,32.52,11,45.65
0805020036,08FRUV     ,47.59,29.74,7,62.49
0510010001,05CHAR     ,78.86,29.68,4,37.64
0503030006,05CHAR     ,49.73,29.28,5,58.88
0303030004,03CARN     ,45.79,28.56,7,62.37
0805010251,08FRUV     ,73.05,27.79,25,38.04
0306010015,03CARN     ,82.34,26.46,22,32.14
0509030061,05CHAR     ,94.28,25.79,6,27.35
0301060016,03CARN     ,52.87,24.39,5,46.13
0507100028,05CHAR     ,40.63,24.08,2,59.27
0805010282,08FRUV     ,58.73,23.97,10,40.81
0305020004,03CARN     ,23.78,22.92,4,96.38
0503020043,05CHAR     ,69.66,22.2,9,31.87
0805010179,08FRUV     ,43.34,21.45,12,49.49
0803010037,08FRUV     ,55.51,19.44,32,35.02
0805010250,08FRUV     ,72.56,19.11,4,26.34
0502080066,05CHAR     ,45.03,18.92,5,42.02
0803010030,08FRUV     ,16.68,16.68,12,100.0
0308050012,03CARN     ,23.1,16.32,2,70.65
0305010005,03CARN     ,44.45,15.46,8,34.78
0801050004,08FRUV     ,46.79,14.95,38,31.95
0305010004,03CARN     ,36.06,14.5,8,40.21
0310020011,03CARN     ,38.73,14.47,5,37.36
0805050089,08FRUV     ,16.26,13.91,2,85.55
0503020039,05CHAR     ,23.16,13.03,3,56.26
0805010103,08FRUV     ,23.4,12.69,6,54.23
0308050001,03CARN     ,22.55,12.44,3,55.17
0802020006,08FRUV     ,36.08,12.0,15,33.26
0805050225,08FRUV     ,30.25,11.86,9,39.21
0805050175,08FRUV     ,11.64,10.54,2,90.55
0509030063,05CHAR     ,25.5,9.93,4,38.94
0301060008,03CARN     ,20.63,9.51,2,46.1
0509080004,05CHAR     ,16.52,8.92,1,54.0
0505030035,05CHAR     ,25.82,8.92,4,34.55
0803020023,08FRUV     ,26.55,8.6,8,32.39
0503020040,05CHAR     ,11.37,8.59,2,75.55
0805040001,08FRUV     ,23.34,7.56,5,32.39
0310020014,03CARN     ,10.49,7.4,1,70.54
0805040003,08FRUV     ,20.45,7.38,2,36.09
0507100001,05CHAR     ,19.52,7.14,1,36.58
0303010003,03CARN     ,10.96,7.04,1,64.23
0302010016,03CARN     ,8.94,6.86,1,76.73
0803010046,08FRUV     ,12.26,6.74,9,54.98
0309020001,03CARN     ,15.86,6.41,4,40.42
0310020013,03CARN     ,12.39,5.7,2,46.0
0509180001,05CHAR     ,14.31,5.01,4,35.01
0505030033,05CHAR     ,13.48,4.92,1,36.5
0801020004,08FRUV     ,11.98,4.82,6,40.23
0502080089,05CHAR     ,11.91,4.72,2,39.63
0803010058,08FRUV     ,5.15,4.61,2,89.51
0503040020,05CHAR     ,6.29,4.21,1,66.93
0303010032,03CARN     ,846.15,3.17,299,0.37
0501050030,05CHAR     ,7.24,2.81,1,38.81
0801020022,08FRUV     ,7.66,2.79,3,36.42
0805050172,08FRUV     ,4.41,2.61,1,59.18
0504040027,05CHAR     ,6.1,2.47,1,40.49
0504020023,05CHAR     ,7.33,2.42,1,33.02
0805050165,08FRUV     ,4.41,2.38,1,53.97
0805010257,08FRUV     ,5.05,2.16,1,42.77
0801020011,08FRUV     ,20.01,1.87,21,9.35
0803010060,08FRUV     ,5.34,1.85,2,34.64
0803040002,08FRUV     ,1.89,1.82,29,96.3
0506010002,05CHAR     ,3.74,1.56,1,41.71
0806010015,08FRUV     ,3.27,1.37,2,41.9
0509150019,05CHAR     ,8.41,1.33,1,15.81
0803010006,08FRUV     ,1.03,1.03,15,100.0
0803040003,08FRUV     ,2.73,1.02,2,37.36
0803020008,08FRUV     ,1.6,0.96,1,60.0
0305010007,03CARN     ,5.8,0.4,1,6.9
0309040009,03CARN     ,23.11,0.06,6,0.26
0805010038,08FRUV     ,13.81,0.02,2,0.14
