timestamp,cpu_pct,ram_used_mb,ram_total_mb,gpu_util_pct,gpu_mem_used_mb
2026-02-20T15:24:56.650776,0.0,18619.48046875,31864.85546875,nan,nan
2026-02-20T15:25:02.821906,25.3,21610.3984375,31864.85546875,nan,nan
2026-02-20T15:25:07.835932,97.2,21935.2421875,31864.85546875,nan,nan
2026-02-20T15:25:12.850798,100.0,21864.78515625,31864.85546875,nan,nan
2026-02-20T15:25:17.864374,100.0,21912.4609375,31864.85546875,nan,nan
2026-02-20T15:25:22.880861,100.0,22129.83984375,31864.85546875,nan,nan
2026-02-20T15:25:27.898021,100.0,22196.1328125,31864.85546875,nan,nan
2026-02-20T15:25:32.911776,100.0,22188.6796875,31864.85546875,nan,nan
2026-02-20T15:25:37.925548,100.0,22152.19921875,31864.85546875,nan,nan
2026-02-20T15:25:42.936605,100.0,22078.22265625,31864.85546875,nan,nan
2026-02-20T15:25:47.950019,100.0,22105.9609375,31864.85546875,nan,nan
2026-02-20T15:25:52.965315,100.0,22096.296875,31864.85546875,nan,nan
2026-02-20T15:25:57.991348,100.0,22100.55859375,31864.85546875,nan,nan
2026-02-20T15:26:03.003888,99.9,22135.76953125,31864.85546875,nan,nan
2026-02-20T15:26:08.018857,100.0,22142.86328125,31864.85546875,nan,nan
2026-02-20T15:26:13.032191,100.0,22167.19140625,31864.85546875,nan,nan
2026-02-20T15:26:18.046231,99.9,22199.890625,31864.85546875,nan,nan
2026-02-20T15:26:23.060304,100.0,22207.03515625,31864.85546875,nan,nan
2026-02-20T15:26:28.074573,100.0,22225.62890625,31864.85546875,nan,nan
2026-02-20T15:26:33.093784,100.0,22257.890625,31864.85546875,nan,nan
2026-02-20T15:26:38.206570,88.0,21757.84765625,31864.85546875,nan,nan
2026-02-20T15:26:43.217805,97.8,21562.796875,31864.85546875,nan,nan
2026-02-20T15:26:48.231315,100.0,21591.3828125,31864.85546875,nan,nan
2026-02-20T15:26:53.247543,100.0,21565.72265625,31864.85546875,nan,nan
2026-02-20T15:26:58.262923,99.9,21549.33203125,31864.85546875,nan,nan
2026-02-20T15:27:03.278676,100.0,21571.9765625,31864.85546875,nan,nan
2026-02-20T15:27:08.292064,100.0,21557.8828125,31864.85546875,nan,nan
2026-02-20T15:27:13.305189,100.0,21567.0390625,31864.85546875,nan,nan
2026-02-20T15:27:18.316425,98.3,21489.2578125,31864.85546875,nan,nan
2026-02-20T15:27:23.331695,100.0,21477.40625,31864.85546875,nan,nan
2026-02-20T15:27:28.344468,100.0,21471.16015625,31864.85546875,nan,nan
2026-02-20T15:27:33.357352,100.0,21521.92578125,31864.85546875,nan,nan
2026-02-20T15:27:38.369727,100.0,21473.3515625,31864.85546875,nan,nan
2026-02-20T15:27:43.382792,100.0,21477.2421875,31864.85546875,nan,nan
2026-02-20T15:27:48.397242,100.0,21502.19140625,31864.85546875,nan,nan
2026-02-20T15:27:53.411653,99.9,21504.375,31864.85546875,nan,nan
2026-02-20T15:27:58.424253,100.0,21496.74609375,31864.85546875,nan,nan
2026-02-20T15:28:03.437637,100.0,21514.0859375,31864.85546875,nan,nan
2026-02-20T15:28:08.452050,99.8,21478.47265625,31864.85546875,nan,nan
2026-02-20T15:28:13.464978,100.0,21487.87890625,31864.85546875,nan,nan
2026-02-20T15:28:18.477035,100.0,21510.046875,31864.85546875,nan,nan
2026-02-20T15:28:23.493168,100.0,21505.984375,31864.85546875,nan,nan
2026-02-20T15:28:28.508205,100.0,21476.56640625,31864.85546875,nan,nan
2026-02-20T15:28:33.520733,100.0,21509.65234375,31864.85546875,nan,nan
2026-02-20T15:28:38.535465,99.9,21476.3203125,31864.85546875,nan,nan
2026-02-20T15:28:43.547078,100.0,21476.81640625,31864.85546875,nan,nan
2026-02-20T15:28:48.560315,100.0,21472.875,31864.85546875,nan,nan
2026-02-20T15:28:53.572206,99.9,21501.734375,31864.85546875,nan,nan
2026-02-20T15:28:58.582589,100.0,21485.52734375,31864.85546875,nan,nan
2026-02-20T15:29:03.595987,99.4,21931.70703125,31864.85546875,nan,nan
2026-02-20T15:29:08.613091,100.0,21941.90625,31864.85546875,nan,nan
2026-02-20T15:29:13.629322,99.9,21958.40625,31864.85546875,nan,nan
2026-02-20T15:29:18.643357,100.0,21979.51171875,31864.85546875,nan,nan
2026-02-20T15:29:23.660990,100.0,21989.9609375,31864.85546875,nan,nan
2026-02-20T15:29:28.681909,100.0,21989.984375,31864.85546875,nan,nan
2026-02-20T15:29:33.696448,100.0,21970.15625,31864.85546875,nan,nan
2026-02-20T15:29:38.709139,99.9,22006.26953125,31864.85546875,nan,nan
2026-02-20T15:29:43.725549,100.0,22138.63671875,31864.85546875,nan,nan
2026-02-20T15:29:48.743095,100.0,22175.79296875,31864.85546875,nan,nan
2026-02-20T15:29:53.762584,100.0,22185.015625,31864.85546875,nan,nan
2026-02-20T15:29:58.778571,100.0,22139.83984375,31864.85546875,nan,nan
2026-02-20T15:30:03.796618,100.0,22226.00390625,31864.85546875,nan,nan
2026-02-20T15:30:08.811606,99.9,22218.55078125,31864.85546875,nan,nan
2026-02-20T15:30:13.832745,100.0,22323.15234375,31864.85546875,nan,nan
2026-02-20T15:30:18.849774,100.0,22355.07421875,31864.85546875,nan,nan
2026-02-20T15:30:23.867767,100.0,22386.375,31864.85546875,nan,nan
2026-02-20T15:30:28.885174,100.0,22390.1484375,31864.85546875,nan,nan
2026-02-20T15:30:33.899516,92.4,22044.00390625,31864.85546875,nan,nan
2026-02-20T15:30:38.923334,97.5,22038.39453125,31864.85546875,nan,nan
2026-02-20T15:30:43.940123,99.9,22068.87890625,31864.85546875,nan,nan
2026-02-20T15:30:48.955257,100.0,22100.81640625,31864.85546875,nan,nan
2026-02-20T15:30:53.969025,100.0,22148.640625,31864.85546875,nan,nan
2026-02-20T15:30:58.984183,100.0,22147.23828125,31864.85546875,nan,nan
2026-02-20T15:31:03.999516,100.0,22029.53515625,31864.85546875,nan,nan
2026-02-20T15:31:09.016601,100.0,22018.87890625,31864.85546875,nan,nan
2026-02-20T15:31:14.032450,99.9,22032.06640625,31864.85546875,nan,nan
2026-02-20T15:31:19.049229,100.0,22035.578125,31864.85546875,nan,nan
2026-02-20T15:31:24.065988,100.0,22058.34765625,31864.85546875,nan,nan
2026-02-20T15:31:29.087830,100.0,22046.75390625,31864.85546875,nan,nan
2026-02-20T15:31:34.105348,100.0,22058.09375,31864.85546875,nan,nan
2026-02-20T15:31:39.121921,99.9,22088.40625,31864.85546875,nan,nan
2026-02-20T15:31:44.135426,100.0,22083.50390625,31864.85546875,nan,nan
2026-02-20T15:31:49.154130,99.9,22093.8359375,31864.85546875,nan,nan
2026-02-20T15:31:54.275254,96.7,21840.6328125,31864.85546875,nan,nan
2026-02-20T15:31:59.287900,97.8,21550.3984375,31864.85546875,nan,nan
2026-02-20T15:32:04.303791,100.0,21552.09375,31864.85546875,nan,nan
2026-02-20T15:32:09.318969,100.0,21637.8125,31864.85546875,nan,nan
2026-02-20T15:32:14.338149,100.0,21648.66796875,31864.85546875,nan,nan
2026-02-20T15:32:19.354492,100.0,21559.07421875,31864.85546875,nan,nan
2026-02-20T15:32:24.368483,100.0,21553.3671875,31864.85546875,nan,nan
2026-02-20T15:32:29.382476,99.9,21547.67578125,31864.85546875,nan,nan
2026-02-20T15:32:34.398506,100.0,21549.234375,31864.85546875,nan,nan
2026-02-20T15:32:39.413242,100.0,21548.4296875,31864.85546875,nan,nan
2026-02-20T15:32:44.425962,100.0,21536.86328125,31864.85546875,nan,nan
2026-02-20T15:32:49.438322,100.0,21574.125,31864.85546875,nan,nan
2026-02-20T15:32:54.451263,100.0,21629.1328125,31864.85546875,nan,nan
2026-02-20T15:32:59.465415,100.0,21728.43359375,31864.85546875,nan,nan
2026-02-20T15:33:04.484892,100.0,21673.96484375,31864.85546875,nan,nan
2026-02-20T15:33:09.501715,100.0,21581.89453125,31864.85546875,nan,nan
2026-02-20T15:33:14.519051,100.0,21736.1953125,31864.85546875,nan,nan
2026-02-20T15:33:19.533764,100.0,21743.78125,31864.85546875,nan,nan
2026-02-20T15:33:24.548448,99.6,21587.04296875,31864.85546875,nan,nan
2026-02-20T15:33:29.565388,100.0,21564.55078125,31864.85546875,nan,nan
2026-02-20T15:33:34.582315,100.0,21617.87890625,31864.85546875,nan,nan
2026-02-20T15:33:39.595316,100.0,21614.12109375,31864.85546875,nan,nan
2026-02-20T15:33:44.611179,100.0,21613.8359375,31864.85546875,nan,nan
2026-02-20T15:33:49.627537,100.0,21613.57421875,31864.85546875,nan,nan
2026-02-20T15:33:54.640242,100.0,21616.58203125,31864.85546875,nan,nan
2026-02-20T15:33:59.653282,100.0,21609.5078125,31864.85546875,nan,nan
2026-02-20T15:34:04.666585,100.0,21567.87109375,31864.85546875,nan,nan
2026-02-20T15:34:09.678580,100.0,21573.1171875,31864.85546875,nan,nan
2026-02-20T15:34:14.692063,100.0,21568.625,31864.85546875,nan,nan
2026-02-20T15:34:19.706120,99.9,21529.609375,31864.85546875,nan,nan
2026-02-20T15:34:24.720105,100.0,21531.421875,31864.85546875,nan,nan
2026-02-20T15:34:29.738488,100.0,21529.62109375,31864.85546875,nan,nan
2026-02-20T15:34:34.753442,100.0,21534.26953125,31864.85546875,nan,nan
2026-02-20T15:34:39.766517,100.0,21529.53125,31864.85546875,nan,nan
2026-02-20T15:34:44.780576,100.0,21523.734375,31864.85546875,nan,nan
2026-02-20T15:34:49.797109,100.0,21546.11328125,31864.85546875,nan,nan
2026-02-20T15:34:54.813771,100.0,21536.19140625,31864.85546875,nan,nan
2026-02-20T15:34:59.831259,100.0,21535.296875,31864.85546875,nan,nan
2026-02-20T15:35:04.847279,100.0,21548.47265625,31864.85546875,nan,nan
2026-02-20T15:35:09.859683,100.0,21547.4140625,31864.85546875,nan,nan
2026-02-20T15:35:14.872829,100.0,21548.82421875,31864.85546875,nan,nan
2026-02-20T15:35:19.889574,100.0,21551.2109375,31864.85546875,nan,nan
2026-02-20T15:35:24.906146,99.3,21514.7734375,31864.85546875,nan,nan
2026-02-20T15:35:29.920403,100.0,21511.859375,31864.85546875,nan,nan
2026-02-20T15:35:34.935499,100.0,21515.9609375,31864.85546875,nan,nan
2026-02-20T15:35:39.949772,100.0,21511.29296875,31864.85546875,nan,nan
2026-02-20T15:35:44.963534,100.0,21509.453125,31864.85546875,nan,nan
2026-02-20T15:35:49.978881,100.0,21677.79296875,31864.85546875,nan,nan
2026-02-20T15:35:54.994646,100.0,21696.75390625,31864.85546875,nan,nan
2026-02-20T15:36:00.011470,100.0,21696.3203125,31864.85546875,nan,nan
2026-02-20T15:36:05.027816,100.0,21703.55859375,31864.85546875,nan,nan
2026-02-20T15:36:10.041222,100.0,21705.9453125,31864.85546875,nan,nan
2026-02-20T15:36:15.056486,100.0,21713.04296875,31864.85546875,nan,nan
2026-02-20T15:36:20.073810,100.0,21715.51171875,31864.85546875,nan,nan
2026-02-20T15:36:25.092183,100.0,21717.88671875,31864.85546875,nan,nan
2026-02-20T15:36:30.109642,100.0,21718.75,31864.85546875,nan,nan
2026-02-20T15:36:35.127776,97.4,21501.33203125,31864.85546875,nan,nan
2026-02-20T15:36:40.143544,100.0,21499.6015625,31864.85546875,nan,nan
2026-02-20T15:36:45.157526,100.0,21502.55078125,31864.85546875,nan,nan
2026-02-20T15:36:50.173651,100.0,21500.8359375,31864.85546875,nan,nan
2026-02-20T15:36:55.188042,100.0,21499.58203125,31864.85546875,nan,nan
2026-02-20T15:37:00.202787,100.0,21516.31640625,31864.85546875,nan,nan
2026-02-20T15:37:05.217216,99.9,21523.171875,31864.85546875,nan,nan
2026-02-20T15:37:10.232718,100.0,21522.15625,31864.85546875,nan,nan
2026-02-20T15:37:15.247407,100.0,21522.1953125,31864.85546875,nan,nan
2026-02-20T15:37:20.263714,100.0,21522.59375,31864.85546875,nan,nan
2026-02-20T15:37:25.278090,100.0,21525.63671875,31864.85546875,nan,nan
2026-02-20T15:37:30.291986,99.7,21519.57421875,31864.85546875,nan,nan
2026-02-20T15:37:35.307447,100.0,21523.62109375,31864.85546875,nan,nan
2026-02-20T15:37:40.321597,100.0,21520.08203125,31864.85546875,nan,nan
2026-02-20T15:37:45.334847,100.0,21402.63671875,31864.85546875,nan,nan
2026-02-20T15:37:50.351824,100.0,21377.125,31864.85546875,nan,nan
2026-02-20T15:37:55.368424,100.0,21464.1796875,31864.85546875,nan,nan
2026-02-20T15:38:00.384961,100.0,21560.23828125,31864.85546875,nan,nan
2026-02-20T15:38:05.402026,100.0,21499.8046875,31864.85546875,nan,nan
2026-02-20T15:38:10.419039,100.0,21500.7578125,31864.85546875,nan,nan
2026-02-20T15:38:15.440836,100.0,21505.80078125,31864.85546875,nan,nan
2026-02-20T15:38:20.457960,100.0,21492.4296875,31864.85546875,nan,nan
2026-02-20T15:38:25.471621,100.0,21491.2578125,31864.85546875,nan,nan
2026-02-20T15:38:30.485717,99.9,21514.8984375,31864.85546875,nan,nan
2026-02-20T15:38:35.501077,99.8,21500.12109375,31864.85546875,nan,nan
2026-02-20T15:38:40.516876,100.0,21503.42578125,31864.85546875,nan,nan
2026-02-20T15:38:45.532129,100.0,21478.21484375,31864.85546875,nan,nan
2026-02-20T15:38:50.544916,99.9,21474.44921875,31864.85546875,nan,nan
2026-02-20T15:38:55.559310,100.0,21543.22265625,31864.85546875,nan,nan
2026-02-20T15:39:00.573498,100.0,21549.88671875,31864.85546875,nan,nan
2026-02-20T15:39:05.587436,99.8,21503.5703125,31864.85546875,nan,nan
2026-02-20T15:39:10.601496,100.0,21560.53515625,31864.85546875,nan,nan
2026-02-20T15:39:15.614185,100.0,21550.015625,31864.85546875,nan,nan
2026-02-20T15:39:20.628998,100.0,21496.61328125,31864.85546875,nan,nan
2026-02-20T15:39:25.644456,100.0,21551.9140625,31864.85546875,nan,nan
2026-02-20T15:39:30.659857,99.8,21553.765625,31864.85546875,nan,nan
2026-02-20T15:39:35.675298,100.0,21554.38671875,31864.85546875,nan,nan
2026-02-20T15:39:40.689337,100.0,21545.3515625,31864.85546875,nan,nan
2026-02-20T15:39:45.704373,100.0,21546.07421875,31864.85546875,nan,nan
2026-02-20T15:39:50.718287,100.0,21546.015625,31864.85546875,nan,nan
2026-02-20T15:39:55.733434,100.0,21553.4921875,31864.85546875,nan,nan
2026-02-20T15:40:00.746946,99.9,21505.5,31864.85546875,nan,nan
2026-02-20T15:40:05.763852,100.0,21539.70703125,31864.85546875,nan,nan
2026-02-20T15:40:10.780495,100.0,21755.92578125,31864.85546875,nan,nan
2026-02-20T15:40:15.794653,100.0,21809.12890625,31864.85546875,nan,nan
2026-02-20T15:40:20.809200,100.0,21806.546875,31864.85546875,nan,nan
2026-02-20T15:40:25.822932,100.0,21806.4453125,31864.85546875,nan,nan
2026-02-20T15:40:30.841021,100.0,21780.46875,31864.85546875,nan,nan
2026-02-20T15:40:35.858633,100.0,21731.58203125,31864.85546875,nan,nan
2026-02-20T15:40:40.873708,100.0,21728.578125,31864.85546875,nan,nan
2026-02-20T15:40:45.886596,100.0,21726.54296875,31864.85546875,nan,nan
2026-02-20T15:40:50.900044,100.0,21683.109375,31864.85546875,nan,nan
2026-02-20T15:40:55.912804,100.0,21734.22265625,31864.85546875,nan,nan
2026-02-20T15:41:00.928065,100.0,21736.015625,31864.85546875,nan,nan
2026-02-20T15:41:05.945152,100.0,21786.890625,31864.85546875,nan,nan
2026-02-20T15:41:10.959150,100.0,21654.69921875,31864.85546875,nan,nan
2026-02-20T15:41:15.980812,100.0,21832.9921875,31864.85546875,nan,nan
2026-02-20T15:41:21.002863,100.0,21810.54296875,31864.85546875,nan,nan
2026-02-20T15:41:26.017947,100.0,21914.9375,31864.85546875,nan,nan
2026-02-20T15:41:31.034636,100.0,21891.765625,31864.85546875,nan,nan
2026-02-20T15:41:36.052064,100.0,21819.828125,31864.85546875,nan,nan
2026-02-20T15:41:41.066348,100.0,21714.5859375,31864.85546875,nan,nan
2026-02-20T15:41:46.082955,100.0,21736.15234375,31864.85546875,nan,nan
2026-02-20T15:41:51.097610,100.0,21964.66796875,31864.85546875,nan,nan
2026-02-20T15:41:56.114684,100.0,22593.1640625,31864.85546875,nan,nan
2026-02-20T15:42:01.129628,100.0,22871.875,31864.85546875,nan,nan
2026-02-20T15:42:06.143149,99.9,22855.42578125,31864.85546875,nan,nan
2026-02-20T15:42:11.157295,100.0,22991.77734375,31864.85546875,nan,nan
2026-02-20T15:42:16.172989,100.0,22934.7265625,31864.85546875,nan,nan
2026-02-20T15:42:21.187448,100.0,22495.83984375,31864.85546875,nan,nan
2026-02-20T15:42:26.210437,100.0,22456.734375,31864.85546875,nan,nan
2026-02-20T15:42:31.224397,100.0,22450.56640625,31864.85546875,nan,nan
2026-02-20T15:42:36.239609,99.9,22566.890625,31864.85546875,nan,nan
2026-02-20T15:42:41.258984,100.0,22605.046875,31864.85546875,nan,nan
2026-02-20T15:42:46.273958,100.0,22638.48828125,31864.85546875,nan,nan
2026-02-20T15:42:51.291180,100.0,22711.01953125,31864.85546875,nan,nan
2026-02-20T15:42:56.306804,100.0,22735.1640625,31864.85546875,nan,nan
2026-02-20T15:43:01.321922,99.9,22545.69921875,31864.85546875,nan,nan
2026-02-20T15:43:06.337956,100.0,22300.08203125,31864.85546875,nan,nan
2026-02-20T15:43:11.352776,100.0,22311.75390625,31864.85546875,nan,nan
2026-02-20T15:43:16.369076,100.0,22479.7109375,31864.85546875,nan,nan
2026-02-20T15:43:21.383708,100.0,22471.5390625,31864.85546875,nan,nan
2026-02-20T15:43:26.402280,97.6,22234.55078125,31864.85546875,nan,nan
2026-02-20T15:43:31.420453,100.0,22233.33984375,31864.85546875,nan,nan
2026-02-20T15:43:36.436779,100.0,22215.98828125,31864.85546875,nan,nan
2026-02-20T15:43:41.453664,100.0,22215.734375,31864.85546875,nan,nan
2026-02-20T15:43:46.470317,100.0,22030.28125,31864.85546875,nan,nan
2026-02-20T15:43:51.484860,100.0,22027.671875,31864.85546875,nan,nan
2026-02-20T15:43:56.499496,100.0,22158.7890625,31864.85546875,nan,nan
2026-02-20T15:44:01.513771,99.8,22138.08984375,31864.85546875,nan,nan
2026-02-20T15:44:06.529362,100.0,22137.3359375,31864.85546875,nan,nan
2026-02-20T15:44:11.543489,100.0,22139.203125,31864.85546875,nan,nan
2026-02-20T15:44:16.557428,100.0,22107.44921875,31864.85546875,nan,nan
2026-02-20T15:44:21.573730,100.0,22031.33203125,31864.85546875,nan,nan
2026-02-20T15:44:26.589095,100.0,22079.48828125,31864.85546875,nan,nan
2026-02-20T15:44:31.605738,100.0,22034.09765625,31864.85546875,nan,nan
2026-02-20T15:44:36.620609,100.0,22040.61328125,31864.85546875,nan,nan
2026-02-20T15:44:41.633865,100.0,22102.44140625,31864.85546875,nan,nan
2026-02-20T15:44:46.647453,100.0,22118.7421875,31864.85546875,nan,nan
2026-02-20T15:44:51.662723,100.0,22104.2578125,31864.85546875,nan,nan
2026-02-20T15:44:56.677406,99.9,22089.0546875,31864.85546875,nan,nan
2026-02-20T15:45:01.692426,100.0,22088.26171875,31864.85546875,nan,nan
2026-02-20T15:45:06.708350,100.0,22105.6328125,31864.85546875,nan,nan
2026-02-20T15:45:11.726158,100.0,22119.15234375,31864.85546875,nan,nan
2026-02-20T15:45:16.743274,100.0,22118.921875,31864.85546875,nan,nan
2026-02-20T15:45:21.759708,100.0,22078.796875,31864.85546875,nan,nan
2026-02-20T15:45:26.775775,100.0,22056.22265625,31864.85546875,nan,nan
2026-02-20T15:45:31.791062,100.0,22036.95703125,31864.85546875,nan,nan
2026-02-20T15:45:36.807016,100.0,22044.28125,31864.85546875,nan,nan
2026-02-20T15:45:41.821442,100.0,22079.3046875,31864.85546875,nan,nan
2026-02-20T15:45:46.835988,100.0,22083.72265625,31864.85546875,nan,nan
2026-02-20T15:45:51.851838,100.0,22073.15625,31864.85546875,nan,nan
2026-02-20T15:45:56.866011,100.0,21546.3984375,31864.85546875,nan,nan
2026-02-20T15:46:01.882873,100.0,21057.3046875,31864.85546875,nan,nan
2026-02-20T15:46:06.895886,100.0,21840.6875,31864.85546875,nan,nan
2026-02-20T15:46:11.911463,100.0,22499.40625,31864.85546875,nan,nan
2026-02-20T15:46:16.927406,100.0,22541.15234375,31864.85546875,nan,nan
2026-02-20T15:46:21.941899,100.0,22567.53125,31864.85546875,nan,nan
2026-02-20T15:46:26.958008,100.0,22423.78515625,31864.85546875,nan,nan
2026-02-20T15:46:31.973105,100.0,22353.1953125,31864.85546875,nan,nan
2026-02-20T15:46:36.988593,100.0,22294.6796875,31864.85546875,nan,nan
2026-02-20T15:46:42.003094,100.0,22213.5234375,31864.85546875,nan,nan
2026-02-20T15:46:47.016625,100.0,22156.0078125,31864.85546875,nan,nan
2026-02-20T15:46:52.031010,99.9,22295.5859375,31864.85546875,nan,nan
2026-02-20T15:46:57.046338,100.0,22285.96484375,31864.85546875,nan,nan
2026-02-20T15:47:02.061168,100.0,22214.87109375,31864.85546875,nan,nan
2026-02-20T15:47:07.077074,100.0,22260.64453125,31864.85546875,nan,nan
2026-02-20T15:47:12.091292,100.0,22277.9140625,31864.85546875,nan,nan
2026-02-20T15:47:17.106401,100.0,22211.5546875,31864.85546875,nan,nan
2026-02-20T15:47:22.119114,100.0,22315.7265625,31864.85546875,nan,nan
2026-02-20T15:47:27.132417,99.7,22320.87109375,31864.85546875,nan,nan
2026-02-20T15:47:32.150658,100.0,22327.02734375,31864.85546875,nan,nan
2026-02-20T15:47:37.168363,100.0,22311.07421875,31864.85546875,nan,nan
2026-02-20T15:47:42.183768,100.0,22292.51953125,31864.85546875,nan,nan
2026-02-20T15:47:47.200865,100.0,22333.484375,31864.85546875,nan,nan
2026-02-20T15:47:52.215069,100.0,22135.46484375,31864.85546875,nan,nan
2026-02-20T15:47:57.231691,100.0,22243.1484375,31864.85546875,nan,nan
2026-02-20T15:48:02.248740,100.0,22202.1796875,31864.85546875,nan,nan
2026-02-20T15:48:07.266339,99.2,21673.84375,31864.85546875,nan,nan
2026-02-20T15:48:12.282889,100.0,21600.1484375,31864.85546875,nan,nan
2026-02-20T15:48:17.298022,100.0,21644.3125,31864.85546875,nan,nan
2026-02-20T15:48:22.311337,100.0,21642.82421875,31864.85546875,nan,nan
2026-02-20T15:48:27.327246,100.0,21646.76953125,31864.85546875,nan,nan
2026-02-20T15:48:32.346667,99.9,21647.03125,31864.85546875,nan,nan
2026-02-20T15:48:37.363384,100.0,21647.75390625,31864.85546875,nan,nan
2026-02-20T15:48:42.377623,100.0,21671.3671875,31864.85546875,nan,nan
2026-02-20T15:48:47.396496,100.0,21656.2578125,31864.85546875,nan,nan
2026-02-20T15:48:52.410895,100.0,21610.90234375,31864.85546875,nan,nan
2026-02-20T15:48:57.425853,99.4,21558.703125,31864.85546875,nan,nan
2026-02-20T15:49:02.440957,100.0,21560.1328125,31864.85546875,nan,nan
2026-02-20T15:49:07.459651,100.0,21562.51953125,31864.85546875,nan,nan
2026-02-20T15:49:12.475964,100.0,21591.3984375,31864.85546875,nan,nan
2026-02-20T15:49:17.491298,100.0,21555.61328125,31864.85546875,nan,nan
2026-02-20T15:49:22.506401,100.0,21560.53515625,31864.85546875,nan,nan
2026-02-20T15:49:27.525443,100.0,21515.44921875,31864.85546875,nan,nan
2026-02-20T15:49:32.539038,100.0,21572.2421875,31864.85546875,nan,nan
2026-02-20T15:49:37.552320,99.5,21606.08203125,31864.85546875,nan,nan
2026-02-20T15:49:42.569715,100.0,21597.859375,31864.85546875,nan,nan
2026-02-20T15:49:47.585814,100.0,21571.8984375,31864.85546875,nan,nan
2026-02-20T15:49:52.605968,100.0,21577.82421875,31864.85546875,nan,nan
2026-02-20T15:49:57.620867,100.0,21592.1015625,31864.85546875,nan,nan
2026-02-20T15:50:02.640210,100.0,21523.10546875,31864.85546875,nan,nan
2026-02-20T15:50:07.656858,100.0,21573.859375,31864.85546875,nan,nan
2026-02-20T15:50:12.673294,100.0,21563.14453125,31864.85546875,nan,nan
2026-02-20T15:50:17.689720,99.0,21523.4375,31864.85546875,nan,nan
2026-02-20T15:50:22.705964,100.0,21544.45703125,31864.85546875,nan,nan
2026-02-20T15:50:27.718944,100.0,21580.359375,31864.85546875,nan,nan
2026-02-20T15:50:32.731654,100.0,21585.01953125,31864.85546875,nan,nan
2026-02-20T15:50:37.748418,100.0,21590.9921875,31864.85546875,nan,nan
2026-02-20T15:50:42.766284,100.0,21598.9921875,31864.85546875,nan,nan
2026-02-20T15:50:47.783001,100.0,21614.0390625,31864.85546875,nan,nan
2026-02-20T15:50:52.798971,100.0,21590.44140625,31864.85546875,nan,nan
2026-02-20T15:50:57.817051,100.0,21551.09375,31864.85546875,nan,nan
2026-02-20T15:51:02.831815,100.0,21600.03515625,31864.85546875,nan,nan
2026-02-20T15:51:07.846574,98.7,21632.1796875,31864.85546875,nan,nan
2026-02-20T15:51:12.860116,100.0,21668.84765625,31864.85546875,nan,nan
2026-02-20T15:51:17.875619,100.0,21700.875,31864.85546875,nan,nan
2026-02-20T15:51:22.892709,100.0,21659.64453125,31864.85546875,nan,nan
2026-02-20T15:51:27.908892,100.0,21735.26171875,31864.85546875,nan,nan
2026-02-20T15:51:32.926960,100.0,21738.01171875,31864.85546875,nan,nan
2026-02-20T15:51:37.942169,100.0,21746.0,31864.85546875,nan,nan
2026-02-20T15:51:42.956202,100.0,21757.27734375,31864.85546875,nan,nan
2026-02-20T15:51:47.969633,100.0,21627.6796875,31864.85546875,nan,nan
2026-02-20T15:51:52.987212,100.0,21617.41015625,31864.85546875,nan,nan
2026-02-20T15:51:57.999956,100.0,21744.07421875,31864.85546875,nan,nan
2026-02-20T15:52:03.087039,98.3,21544.0078125,31864.85546875,nan,nan
2026-02-20T15:52:08.098612,99.2,21521.87890625,31864.85546875,nan,nan
2026-02-20T15:52:13.114295,99.9,21475.0234375,31864.85546875,nan,nan
2026-02-20T15:52:18.131946,100.0,21534.9296875,31864.85546875,nan,nan
2026-02-20T15:52:23.150941,100.0,21502.40625,31864.85546875,nan,nan
2026-02-20T15:52:28.166813,100.0,21747.51953125,31864.85546875,nan,nan
2026-02-20T15:52:33.183646,100.0,21807.19921875,31864.85546875,nan,nan
2026-02-20T15:52:38.197579,100.0,21754.05859375,31864.85546875,nan,nan
2026-02-20T15:52:43.216176,100.0,21628.359375,31864.85546875,nan,nan
2026-02-20T15:52:48.233109,99.5,21664.5859375,31864.85546875,nan,nan
2026-02-20T15:52:53.247615,100.0,21661.4296875,31864.85546875,nan,nan
2026-02-20T15:52:58.262585,100.0,21666.015625,31864.85546875,nan,nan
2026-02-20T15:53:03.283444,100.0,21734.26953125,31864.85546875,nan,nan
2026-02-20T15:53:08.300683,100.0,21651.546875,31864.85546875,nan,nan
2026-02-20T15:53:13.313987,100.0,21649.37109375,31864.85546875,nan,nan
2026-02-20T15:53:18.331215,100.0,21627.875,31864.85546875,nan,nan
2026-02-20T15:53:23.346824,100.0,21622.1015625,31864.85546875,nan,nan
2026-02-20T15:53:28.362026,100.0,21624.66796875,31864.85546875,nan,nan
2026-02-20T15:53:33.376914,100.0,21642.796875,31864.85546875,nan,nan
2026-02-20T15:53:38.391139,98.8,21517.57421875,31864.85546875,nan,nan
2026-02-20T15:53:43.407149,100.0,21457.421875,31864.85546875,nan,nan
2026-02-20T15:53:48.421948,100.0,21534.5859375,31864.85546875,nan,nan
2026-02-20T15:53:53.440836,99.9,21511.8828125,31864.85546875,nan,nan
2026-02-20T15:53:58.457875,100.0,21457.46875,31864.85546875,nan,nan
2026-02-20T15:54:03.475214,100.0,21535.42578125,31864.85546875,nan,nan
2026-02-20T15:54:08.491032,100.0,21764.64453125,31864.85546875,nan,nan
2026-02-20T15:54:13.505272,100.0,21742.5859375,31864.85546875,nan,nan
2026-02-20T15:54:18.522041,99.4,21781.8359375,31864.85546875,nan,nan
2026-02-20T15:54:23.537586,100.0,21641.1484375,31864.85546875,nan,nan
2026-02-20T15:54:28.554240,100.0,21638.24609375,31864.85546875,nan,nan
2026-02-20T15:54:33.568317,100.0,21669.78125,31864.85546875,nan,nan
2026-02-20T15:54:38.583266,100.0,21593.4609375,31864.85546875,nan,nan
2026-02-20T15:54:43.597755,100.0,21612.27734375,31864.85546875,nan,nan
2026-02-20T15:54:48.615179,100.0,21633.02734375,31864.85546875,nan,nan
2026-02-20T15:54:53.634837,100.0,21624.31640625,31864.85546875,nan,nan
2026-02-20T15:54:58.654763,100.0,21564.25390625,31864.85546875,nan,nan
2026-02-20T15:55:03.669074,99.7,21555.44921875,31864.85546875,nan,nan
2026-02-20T15:55:08.683961,100.0,21531.4921875,31864.85546875,nan,nan
2026-02-20T15:55:13.699656,100.0,21533.1953125,31864.85546875,nan,nan
2026-02-20T15:55:18.716194,100.0,21554.8515625,31864.85546875,nan,nan
2026-02-20T15:55:23.730582,100.0,21538.5859375,31864.85546875,nan,nan
2026-02-20T15:55:28.748742,100.0,21523.046875,31864.85546875,nan,nan
2026-02-20T15:55:33.766093,100.0,21546.21875,31864.85546875,nan,nan
2026-02-20T15:55:38.780702,99.5,21597.8828125,31864.85546875,nan,nan
2026-02-20T15:55:43.794800,100.0,21602.97265625,31864.85546875,nan,nan
2026-02-20T15:55:48.811616,99.9,21640.4609375,31864.85546875,nan,nan
2026-02-20T15:55:53.828238,100.0,21581.67578125,31864.85546875,nan,nan
2026-02-20T15:55:58.845557,100.0,21563.62109375,31864.85546875,nan,nan
2026-02-20T15:56:03.861225,100.0,21669.05078125,31864.85546875,nan,nan
2026-02-20T15:56:08.877970,100.0,21652.73046875,31864.85546875,nan,nan
2026-02-20T15:56:13.892095,100.0,21677.51953125,31864.85546875,nan,nan
2026-02-20T15:56:18.907871,100.0,21661.5390625,31864.85546875,nan,nan
2026-02-20T15:56:23.923643,97.9,21609.1953125,31864.85546875,nan,nan
2026-02-20T15:56:28.942010,100.0,21588.32421875,31864.85546875,nan,nan
2026-02-20T15:56:33.956185,100.0,21614.1484375,31864.85546875,nan,nan
2026-02-20T15:56:38.975081,100.0,21605.23828125,31864.85546875,nan,nan
2026-02-20T15:56:43.993527,100.0,21592.8203125,31864.85546875,nan,nan
2026-02-20T15:56:49.009197,100.0,21577.37890625,31864.85546875,nan,nan
2026-02-20T15:56:54.025124,100.0,21619.0078125,31864.85546875,nan,nan
2026-02-20T15:56:59.041058,100.0,21598.2265625,31864.85546875,nan,nan
2026-02-20T15:57:04.064809,49.6,21675.61328125,31864.85546875,nan,nan
2026-02-20T15:57:09.379893,67.2,21456.14453125,31864.85546875,nan,nan
2026-02-20T15:57:14.833589,100.0,21537.8984375,31864.85546875,nan,nan
2026-02-20T15:57:19.990048,100.0,21485.22265625,31864.85546875,nan,nan
2026-02-20T15:57:25.166902,100.0,21518.65234375,31864.85546875,nan,nan
2026-02-20T15:57:30.344910,100.0,21509.66015625,31864.85546875,nan,nan
2026-02-20T15:57:35.794947,100.0,21515.8203125,31864.85546875,nan,nan
2026-02-20T15:57:41.040143,100.0,21512.78125,31864.85546875,nan,nan
2026-02-20T15:57:46.275865,100.0,21452.3359375,31864.85546875,nan,nan
2026-02-20T15:57:51.642776,100.0,21494.70703125,31864.85546875,nan,nan
2026-02-20T15:57:56.786627,100.0,21456.2421875,31864.85546875,nan,nan
2026-02-20T15:58:01.941052,100.0,21493.19921875,31864.85546875,nan,nan
2026-02-20T15:58:07.154175,100.0,21494.74609375,31864.85546875,nan,nan
2026-02-20T15:58:12.380698,100.0,21410.90625,31864.85546875,nan,nan
2026-02-20T15:58:17.495926,100.0,21430.19921875,31864.85546875,nan,nan
2026-02-20T15:58:22.632572,100.0,21437.79296875,31864.85546875,nan,nan
2026-02-20T15:58:27.732857,100.0,21418.359375,31864.85546875,nan,nan
2026-02-20T15:58:32.745570,93.5,21263.89453125,31864.85546875,nan,nan
2026-02-20T15:58:37.764796,75.2,21281.34375,31864.85546875,nan,nan
2026-02-20T15:58:42.780250,72.7,21298.75,31864.85546875,nan,nan
2026-02-20T15:58:47.798163,43.7,21292.3359375,31864.85546875,nan,nan
2026-02-20T15:58:52.881168,12.4,21367.81640625,31864.85546875,nan,nan
2026-02-20T15:58:59.325781,40.8,21715.5546875,31864.85546875,nan,nan
2026-02-20T15:59:04.336426,99.9,21616.21875,31864.85546875,nan,nan
2026-02-20T15:59:09.346958,99.9,21590.75,31864.85546875,nan,nan
2026-02-20T15:59:14.357072,99.8,21499.45703125,31864.85546875,nan,nan
2026-02-20T15:59:19.368012,99.9,21494.49609375,31864.85546875,nan,nan
2026-02-20T15:59:24.378942,99.9,21517.21875,31864.85546875,nan,nan
2026-02-20T15:59:29.390585,99.8,21494.52734375,31864.85546875,nan,nan
2026-02-20T15:59:34.401208,96.3,21692.29296875,31864.85546875,nan,nan
2026-02-20T15:59:39.414908,99.9,21648.23046875,31864.85546875,nan,nan
2026-02-20T15:59:44.428045,99.9,21649.3671875,31864.85546875,nan,nan
2026-02-20T15:59:49.443196,96.7,21634.48828125,31864.85546875,nan,nan
2026-02-20T15:59:54.456206,99.9,21649.81640625,31864.85546875,nan,nan
2026-02-20T15:59:59.468709,99.8,21628.98046875,31864.85546875,nan,nan
2026-02-20T16:00:04.481420,99.9,21759.4140625,31864.85546875,nan,nan
2026-02-20T16:00:09.494665,99.9,21609.84765625,31864.85546875,nan,nan
2026-02-20T16:00:14.507799,95.5,21608.2265625,31864.85546875,nan,nan
2026-02-20T16:00:19.520382,99.9,21664.7265625,31864.85546875,nan,nan
2026-02-20T16:00:24.534521,99.9,21768.1484375,31864.85546875,nan,nan
2026-02-20T16:00:29.548484,99.9,21751.4140625,31864.85546875,nan,nan
2026-02-20T16:00:34.563686,99.8,21770.7890625,31864.85546875,nan,nan
2026-02-20T16:00:39.576423,99.9,21783.13671875,31864.85546875,nan,nan
2026-02-20T16:00:44.590045,99.9,21781.87890625,31864.85546875,nan,nan
2026-02-20T16:00:49.623170,95.7,21774.45703125,31864.85546875,nan,nan
2026-02-20T16:00:54.641889,100.0,21789.27734375,31864.85546875,nan,nan
2026-02-20T16:00:59.656500,99.9,21772.1015625,31864.85546875,nan,nan
2026-02-20T16:01:04.668496,97.2,21714.66796875,31864.85546875,nan,nan
2026-02-20T16:01:09.686822,99.0,21786.77734375,31864.85546875,nan,nan
2026-02-20T16:01:14.701636,99.9,21792.41015625,31864.85546875,nan,nan
2026-02-20T16:01:19.715209,96.3,21787.890625,31864.85546875,nan,nan
2026-02-20T16:01:24.729012,99.9,21782.5078125,31864.85546875,nan,nan
2026-02-20T16:01:29.741940,99.8,21733.734375,31864.85546875,nan,nan
2026-02-20T16:01:34.753165,99.9,21736.40234375,31864.85546875,nan,nan
2026-02-20T16:01:39.764358,99.9,21782.203125,31864.85546875,nan,nan
2026-02-20T16:01:44.777477,100.0,21799.57421875,31864.85546875,nan,nan
2026-02-20T16:01:49.790451,99.9,21801.52734375,31864.85546875,nan,nan
2026-02-20T16:01:54.803270,99.9,21800.3984375,31864.85546875,nan,nan
2026-02-20T16:02:00.029387,99.8,21773.1328125,31864.85546875,nan,nan
2026-02-20T16:02:05.045310,95.0,21790.65234375,31864.85546875,nan,nan
2026-02-20T16:02:10.055387,99.8,21787.85546875,31864.85546875,nan,nan
2026-02-20T16:02:15.066517,99.9,21786.53515625,31864.85546875,nan,nan
2026-02-20T16:02:20.076976,99.8,21783.84375,31864.85546875,nan,nan
2026-02-20T16:02:25.087742,99.9,21778.51171875,31864.85546875,nan,nan
2026-02-20T16:02:30.098652,99.8,21782.71875,31864.85546875,nan,nan
2026-02-20T16:02:35.111777,99.9,21770.68359375,31864.85546875,nan,nan
2026-02-20T16:02:40.125033,95.2,21781.6171875,31864.85546875,nan,nan
2026-02-20T16:02:45.138836,99.9,21641.8359375,31864.85546875,nan,nan
2026-02-20T16:02:50.152205,99.9,21661.02734375,31864.85546875,nan,nan
2026-02-20T16:02:55.165848,99.9,21647.16796875,31864.85546875,nan,nan
2026-02-20T16:03:00.181821,99.8,21795.5703125,31864.85546875,nan,nan
2026-02-20T16:03:05.193740,96.8,21728.75,31864.85546875,nan,nan
2026-02-20T16:03:10.207291,99.9,21781.09765625,31864.85546875,nan,nan
2026-02-20T16:03:15.219104,99.9,20665.296875,31864.85546875,nan,nan
2026-02-20T16:03:20.231349,99.9,20677.17578125,31864.85546875,nan,nan
2026-02-20T16:03:25.243017,99.9,20730.8125,31864.85546875,nan,nan
2026-02-20T16:03:30.256377,100.0,20710.54296875,31864.85546875,nan,nan
2026-02-20T16:03:35.407373,99.8,20687.43359375,31864.85546875,nan,nan
2026-02-20T16:03:40.422133,95.5,20755.41015625,31864.85546875,nan,nan
2026-02-20T16:03:45.440075,99.9,20811.546875,31864.85546875,nan,nan
2026-02-20T16:03:50.455416,99.9,20918.90625,31864.85546875,nan,nan
2026-02-20T16:03:55.470991,100.0,20949.0078125,31864.85546875,nan,nan
2026-02-20T16:04:00.485648,99.9,20958.84765625,31864.85546875,nan,nan
2026-02-20T16:04:05.498686,99.9,20956.453125,31864.85546875,nan,nan
2026-02-20T16:04:10.513200,100.0,21494.484375,31864.85546875,nan,nan
2026-02-20T16:04:15.528477,99.6,21694.2890625,31864.85546875,nan,nan
2026-02-20T16:04:20.544331,97.1,21545.4609375,31864.85546875,nan,nan
2026-02-20T16:04:25.560632,99.9,21528.1796875,31864.85546875,nan,nan
2026-02-20T16:04:30.573425,99.9,21403.24609375,31864.85546875,nan,nan
2026-02-20T16:04:35.587974,99.9,21341.296875,31864.85546875,nan,nan
2026-02-20T16:04:40.601072,99.9,21086.41796875,31864.85546875,nan,nan
2026-02-20T16:04:45.614533,99.9,21139.31640625,31864.85546875,nan,nan
2026-02-20T16:04:50.626659,100.0,21083.94921875,31864.85546875,nan,nan
2026-02-20T16:04:55.640046,95.9,21079.62890625,31864.85546875,nan,nan
2026-02-20T16:05:00.653344,99.9,20945.875,31864.85546875,nan,nan
2026-02-20T16:05:05.665897,99.9,20939.62890625,31864.85546875,nan,nan
2026-02-20T16:05:10.678262,99.9,20941.0546875,31864.85546875,nan,nan
2026-02-20T16:05:15.691423,99.9,20915.1015625,31864.85546875,nan,nan
2026-02-20T16:05:20.703647,99.9,20929.515625,31864.85546875,nan,nan
2026-02-20T16:05:25.717431,96.4,20940.84375,31864.85546875,nan,nan
2026-02-20T16:05:30.730559,99.9,20938.25,31864.85546875,nan,nan
2026-02-20T16:05:35.744002,99.9,20938.56640625,31864.85546875,nan,nan
2026-02-20T16:05:40.759352,99.9,20939.9296875,31864.85546875,nan,nan
2026-02-20T16:05:45.771829,99.9,20939.86328125,31864.85546875,nan,nan
2026-02-20T16:05:50.784949,99.9,20942.23828125,31864.85546875,nan,nan
2026-02-20T16:05:55.796912,99.9,20878.0078125,31864.85546875,nan,nan
2026-02-20T16:06:00.809893,95.5,20932.7109375,31864.85546875,nan,nan
2026-02-20T16:06:05.823197,99.8,20916.17578125,31864.85546875,nan,nan
2026-02-20T16:06:10.836400,99.9,20917.4921875,31864.85546875,nan,nan
2026-02-20T16:06:15.849458,99.9,20921.6328125,31864.85546875,nan,nan
2026-02-20T16:06:20.861227,99.9,20922.19921875,31864.85546875,nan,nan
2026-02-20T16:06:25.872889,96.4,20883.05859375,31864.85546875,nan,nan
2026-02-20T16:06:30.885503,99.6,20904.61328125,31864.85546875,nan,nan
2026-02-20T16:06:35.897906,99.9,20926.51171875,31864.85546875,nan,nan
2026-02-20T16:06:40.910630,99.9,20920.58203125,31864.85546875,nan,nan
2026-02-20T16:06:45.925857,96.9,20917.94921875,31864.85546875,nan,nan
2026-02-20T16:06:50.938498,99.9,20921.28125,31864.85546875,nan,nan
2026-02-20T16:06:55.951444,99.9,20921.20703125,31864.85546875,nan,nan
2026-02-20T16:07:00.963193,99.9,20962.96875,31864.85546875,nan,nan
2026-02-20T16:07:05.977259,100.0,20963.51953125,31864.85546875,nan,nan
2026-02-20T16:07:10.989463,99.3,20955.93359375,31864.85546875,nan,nan
2026-02-20T16:07:16.001745,99.9,20950.76171875,31864.85546875,nan,nan
2026-02-20T16:07:21.020572,95.8,21168.3515625,31864.85546875,nan,nan
2026-02-20T16:07:26.042822,99.1,20956.171875,31864.85546875,nan,nan
2026-02-20T16:07:31.055064,99.9,20947.26953125,31864.85546875,nan,nan
2026-02-20T16:07:36.067805,99.9,20941.03125,31864.85546875,nan,nan
2026-02-20T16:07:41.082020,99.9,20960.30078125,31864.85546875,nan,nan
2026-02-20T16:07:46.095024,99.9,20956.2109375,31864.85546875,nan,nan
2026-02-20T16:07:51.108718,99.5,20949.6640625,31864.85546875,nan,nan
2026-02-20T16:07:56.126981,95.8,20958.61328125,31864.85546875,nan,nan
2026-02-20T16:08:01.140802,99.9,20895.12890625,31864.85546875,nan,nan
2026-02-20T16:08:06.153812,99.9,20797.2890625,31864.85546875,nan,nan
2026-02-20T16:08:11.168898,99.7,20764.7890625,31864.85546875,nan,nan
2026-02-20T16:08:16.188044,96.2,20761.76953125,31864.85546875,nan,nan
2026-02-20T16:08:21.201114,100.0,20770.23828125,31864.85546875,nan,nan
2026-02-20T16:08:26.214515,99.9,20769.421875,31864.85546875,nan,nan
2026-02-20T16:08:31.227263,99.9,20775.91015625,31864.85546875,nan,nan
2026-02-20T16:08:36.239818,99.9,20640.91796875,31864.85546875,nan,nan
2026-02-20T16:08:41.252098,99.7,20624.234375,31864.85546875,nan,nan
2026-02-20T16:08:46.263151,95.8,20779.98046875,31864.85546875,nan,nan
2026-02-20T16:08:51.274626,99.9,20767.625,31864.85546875,nan,nan
2026-02-20T16:08:56.288737,98.3,20774.11328125,31864.85546875,nan,nan
2026-02-20T16:09:01.300267,99.9,20718.49609375,31864.85546875,nan,nan
2026-02-20T16:09:06.310321,99.9,20628.58203125,31864.85546875,nan,nan
2026-02-20T16:09:11.320121,99.9,20622.89453125,31864.85546875,nan,nan
2026-02-20T16:09:16.333256,99.9,20624.7109375,31864.85546875,nan,nan
2026-02-20T16:09:21.346472,99.8,20615.61328125,31864.85546875,nan,nan
2026-02-20T16:09:26.361562,95.6,20617.5234375,31864.85546875,nan,nan
2026-02-20T16:09:31.373762,99.9,20622.9296875,31864.85546875,nan,nan
2026-02-20T16:09:36.388959,99.9,20769.9453125,31864.85546875,nan,nan
2026-02-20T16:09:41.400960,99.9,20767.10546875,31864.85546875,nan,nan
2026-02-20T16:09:46.415190,99.9,20712.328125,31864.85546875,nan,nan
2026-02-20T16:09:51.427970,99.9,20762.00390625,31864.85546875,nan,nan
2026-02-20T16:09:56.440773,95.4,20747.890625,31864.85546875,nan,nan
2026-02-20T16:10:01.451678,99.8,20756.70703125,31864.85546875,nan,nan
2026-02-20T16:10:06.465363,99.8,20755.859375,31864.85546875,nan,nan
2026-02-20T16:10:11.479342,99.9,20755.32421875,31864.85546875,nan,nan
2026-02-20T16:10:16.492842,99.9,20759.8671875,31864.85546875,nan,nan
2026-02-20T16:10:21.508368,95.6,20748.6875,31864.85546875,nan,nan
2026-02-20T16:10:26.521205,99.8,20828.80859375,31864.85546875,nan,nan
2026-02-20T16:10:31.533512,99.9,20815.76953125,31864.85546875,nan,nan
2026-02-20T16:10:36.547124,99.9,20837.890625,31864.85546875,nan,nan
2026-02-20T16:10:41.560170,99.9,20841.16796875,31864.85546875,nan,nan
2026-02-20T16:10:46.574163,100.0,20818.38671875,31864.85546875,nan,nan
2026-02-20T16:10:51.586728,100.0,20841.59765625,31864.85546875,nan,nan
2026-02-20T16:10:56.599324,95.9,20831.765625,31864.85546875,nan,nan
2026-02-20T16:11:01.612967,100.0,20840.82421875,31864.85546875,nan,nan
2026-02-20T16:11:06.625408,100.0,20745.3046875,31864.85546875,nan,nan
2026-02-20T16:11:11.638825,99.9,20805.9453125,31864.85546875,nan,nan
2026-02-20T16:11:16.654316,99.9,20861.49609375,31864.85546875,nan,nan
2026-02-20T16:11:21.667106,99.9,20858.78515625,31864.85546875,nan,nan
2026-02-20T16:11:26.680155,99.9,20855.01953125,31864.85546875,nan,nan
2026-02-20T16:11:31.691479,95.3,20875.82421875,31864.85546875,nan,nan
2026-02-20T16:11:36.704492,100.0,20897.828125,31864.85546875,nan,nan
2026-02-20T16:11:41.720316,99.9,20903.50390625,31864.85546875,nan,nan
2026-02-20T16:11:46.733906,99.9,20980.27734375,31864.85546875,nan,nan
2026-02-20T16:11:51.748901,96.8,20916.23046875,31864.85546875,nan,nan
2026-02-20T16:11:56.765264,100.0,20927.58203125,31864.85546875,nan,nan
2026-02-20T16:12:01.782564,100.0,20951.08203125,31864.85546875,nan,nan
2026-02-20T16:12:06.796317,100.0,20950.05859375,31864.85546875,nan,nan
2026-02-20T16:12:11.848182,97.2,21110.65625,31864.85546875,nan,nan
2026-02-20T16:12:16.864025,99.5,20906.03515625,31864.85546875,nan,nan
2026-02-20T16:12:21.880086,99.9,20898.16015625,31864.85546875,nan,nan
2026-02-20T16:12:26.897049,99.9,20892.4140625,31864.85546875,nan,nan
2026-02-20T16:12:31.909283,99.9,20899.8046875,31864.85546875,nan,nan
2026-02-20T16:12:36.922653,99.9,20887.7265625,31864.85546875,nan,nan
2026-02-20T16:12:41.939040,99.9,20949.91015625,31864.85546875,nan,nan
2026-02-20T16:12:46.952776,96.1,20945.265625,31864.85546875,nan,nan
2026-02-20T16:12:51.968281,99.9,20941.0546875,31864.85546875,nan,nan
2026-02-20T16:12:56.981585,100.0,20939.84375,31864.85546875,nan,nan
2026-02-20T16:13:01.995995,99.9,20948.04296875,31864.85546875,nan,nan
2026-02-20T16:13:07.007553,99.9,20935.17578125,31864.85546875,nan,nan
2026-02-20T16:13:12.020715,96.1,20935.26953125,31864.85546875,nan,nan
2026-02-20T16:13:17.033664,99.9,20906.5859375,31864.85546875,nan,nan
2026-02-20T16:13:22.048836,100.0,21384.4921875,31864.85546875,nan,nan
2026-02-20T16:13:27.062562,95.7,21371.0703125,31864.85546875,nan,nan
2026-02-20T16:13:32.077671,100.0,21362.15625,31864.85546875,nan,nan
2026-02-20T16:13:37.090795,99.9,21338.64453125,31864.85546875,nan,nan
2026-02-20T16:13:42.103631,99.9,21276.82421875,31864.85546875,nan,nan
2026-02-20T16:13:47.116932,99.9,21343.9765625,31864.85546875,nan,nan
2026-02-20T16:13:52.131684,99.9,21326.01171875,31864.85546875,nan,nan
2026-02-20T16:13:57.254034,99.9,21250.69921875,31864.85546875,nan,nan
2026-02-20T16:14:02.269291,95.2,21275.9921875,31864.85546875,nan,nan
2026-02-20T16:14:07.282575,99.9,21274.65234375,31864.85546875,nan,nan
2026-02-20T16:14:12.295204,99.9,21296.68359375,31864.85546875,nan,nan
2026-02-20T16:14:17.307739,99.8,21296.16796875,31864.85546875,nan,nan
2026-02-20T16:14:22.320231,99.9,21300.22265625,31864.85546875,nan,nan
2026-02-20T16:14:27.332838,100.0,21274.65625,31864.85546875,nan,nan
2026-02-20T16:14:32.348549,94.3,21295.2421875,31864.85546875,nan,nan
2026-02-20T16:14:37.360774,99.9,21297.0703125,31864.85546875,nan,nan
2026-02-20T16:14:42.373123,99.9,21325.01171875,31864.85546875,nan,nan
2026-02-20T16:14:47.386444,99.9,21288.4453125,31864.85546875,nan,nan
2026-02-20T16:14:52.402206,99.9,21264.84375,31864.85546875,nan,nan
2026-02-20T16:14:57.423033,95.5,21315.9453125,31864.85546875,nan,nan
2026-02-20T16:15:02.438234,99.8,21055.18359375,31864.85546875,nan,nan
2026-02-20T16:15:07.456150,96.8,21018.29296875,31864.85546875,nan,nan
2026-02-20T16:15:12.468104,99.9,20998.1171875,31864.85546875,nan,nan
2026-02-20T16:15:17.482270,99.9,21052.3125,31864.85546875,nan,nan
2026-02-20T16:15:22.494890,99.8,21054.265625,31864.85546875,nan,nan
2026-02-20T16:15:27.512252,99.9,20973.4453125,31864.85546875,nan,nan
2026-02-20T16:15:32.525567,99.9,21036.02734375,31864.85546875,nan,nan
2026-02-20T16:15:37.537725,99.9,20980.671875,31864.85546875,nan,nan
2026-02-20T16:15:42.550620,95.5,20965.72265625,31864.85546875,nan,nan
2026-02-20T16:15:47.566356,99.9,20910.4375,31864.85546875,nan,nan
2026-02-20T16:15:52.581329,99.9,20974.64453125,31864.85546875,nan,nan
2026-02-20T16:15:57.597408,99.9,20937.99609375,31864.85546875,nan,nan
2026-02-20T16:16:02.610498,99.9,20938.0546875,31864.85546875,nan,nan
2026-02-20T16:16:07.624743,99.9,20886.25,31864.85546875,nan,nan
2026-02-20T16:16:12.884036,99.9,20828.9140625,31864.85546875,nan,nan
2026-02-20T16:16:17.899702,94.8,21000.7265625,31864.85546875,nan,nan
2026-02-20T16:16:22.913854,99.9,21009.6875,31864.85546875,nan,nan
2026-02-20T16:16:27.927401,100.0,21029.3671875,31864.85546875,nan,nan
2026-02-20T16:16:32.944518,99.9,20965.69921875,31864.85546875,nan,nan
2026-02-20T16:16:37.957121,99.9,21020.40625,31864.85546875,nan,nan
2026-02-20T16:16:42.970499,99.9,20918.58203125,31864.85546875,nan,nan
2026-02-20T16:16:48.102867,99.8,20823.15234375,31864.85546875,nan,nan
2026-02-20T16:16:53.117942,94.9,20807.640625,31864.85546875,nan,nan
2026-02-20T16:16:58.130987,100.0,20814.23046875,31864.85546875,nan,nan
2026-02-20T16:17:03.143769,99.9,20814.06640625,31864.85546875,nan,nan
2026-02-20T16:17:08.156742,99.8,20761.95703125,31864.85546875,nan,nan
2026-02-20T16:17:13.187114,96.4,20896.71484375,31864.85546875,nan,nan
2026-02-20T16:17:18.200400,100.0,20818.73046875,31864.85546875,nan,nan
2026-02-20T16:17:23.213797,100.0,20833.80859375,31864.85546875,nan,nan
2026-02-20T16:17:28.228200,100.0,20826.81640625,31864.85546875,nan,nan
2026-02-20T16:17:33.243134,55.2,20743.69921875,31864.85546875,nan,nan
2026-02-20T16:17:38.554472,73.9,21285.58984375,31864.85546875,nan,nan
2026-02-20T16:17:43.687360,100.0,21324.90625,31864.85546875,nan,nan
2026-02-20T16:17:48.868583,100.0,21357.7421875,31864.85546875,nan,nan
2026-02-20T16:17:54.090040,100.0,21371.19921875,31864.85546875,nan,nan
2026-02-20T16:17:59.204921,100.0,21365.1015625,31864.85546875,nan,nan
2026-02-20T16:18:04.232436,100.0,21381.50390625,31864.85546875,nan,nan
2026-02-20T16:18:09.347379,100.0,21389.0234375,31864.85546875,nan,nan
2026-02-20T16:18:14.461188,100.0,21433.84375,31864.85546875,nan,nan
2026-02-20T16:18:19.572948,100.0,21464.54296875,31864.85546875,nan,nan
2026-02-20T16:18:24.727201,100.0,21475.5625,31864.85546875,nan,nan
2026-02-20T16:18:29.839271,100.0,21492.7890625,31864.85546875,nan,nan
2026-02-20T16:18:35.053237,100.0,21360.0703125,31864.85546875,nan,nan
2026-02-20T16:18:40.167387,100.0,21328.39453125,31864.85546875,nan,nan
2026-02-20T16:18:45.281003,100.0,21348.48828125,31864.85546875,nan,nan
2026-02-20T16:18:50.412745,100.0,21393.1796875,31864.85546875,nan,nan
2026-02-20T16:18:55.561000,100.0,21418.67578125,31864.85546875,nan,nan
2026-02-20T16:19:00.679042,100.0,21417.4140625,31864.85546875,nan,nan
2026-02-20T16:19:05.811733,100.0,21451.79296875,31864.85546875,nan,nan
2026-02-20T16:19:10.936953,100.0,21435.28125,31864.85546875,nan,nan
2026-02-20T16:19:16.034552,100.0,21460.734375,31864.85546875,nan,nan
2026-02-20T16:19:21.166915,100.0,21498.32421875,31864.85546875,nan,nan
2026-02-20T16:19:26.280317,100.0,21508.953125,31864.85546875,nan,nan
2026-02-20T16:19:31.390014,100.0,21515.15625,31864.85546875,nan,nan
2026-02-20T16:19:36.514839,100.0,21544.12109375,31864.85546875,nan,nan
2026-02-20T16:19:41.709220,100.0,21556.75,31864.85546875,nan,nan
2026-02-20T16:19:46.932530,100.0,21565.98046875,31864.85546875,nan,nan
2026-02-20T16:19:52.058174,100.0,21580.89453125,31864.85546875,nan,nan
2026-02-20T16:19:57.334359,100.0,21595.7265625,31864.85546875,nan,nan
2026-02-20T16:20:02.541627,100.0,21631.6796875,31864.85546875,nan,nan
2026-02-20T16:20:07.675438,100.0,21657.42578125,31864.85546875,nan,nan
2026-02-20T16:20:12.797720,100.0,21680.3828125,31864.85546875,nan,nan
2026-02-20T16:20:17.915062,100.0,21709.515625,31864.85546875,nan,nan
2026-02-20T16:20:23.136324,100.0,21736.23046875,31864.85546875,nan,nan
2026-02-20T16:20:28.245683,100.0,21734.8125,31864.85546875,nan,nan
2026-02-20T16:20:33.423623,100.0,21873.375,31864.85546875,nan,nan
2026-02-20T16:20:38.578679,100.0,21903.52734375,31864.85546875,nan,nan
2026-02-20T16:20:43.713866,100.0,21966.32421875,31864.85546875,nan,nan
2026-02-20T16:20:48.854661,100.0,21986.4609375,31864.85546875,nan,nan
2026-02-20T16:20:53.947485,100.0,22017.2734375,31864.85546875,nan,nan
2026-02-20T16:20:59.156409,100.0,22018.125,31864.85546875,nan,nan
2026-02-20T16:21:04.368957,100.0,22070.42578125,31864.85546875,nan,nan
2026-02-20T16:21:09.504472,100.0,22073.05078125,31864.85546875,nan,nan
2026-02-20T16:21:14.915874,100.0,22151.37890625,31864.85546875,nan,nan
2026-02-20T16:21:20.123640,100.0,22185.375,31864.85546875,nan,nan
2026-02-20T16:21:25.279505,100.0,22169.65234375,31864.85546875,nan,nan
2026-02-20T16:21:30.400128,100.0,22107.4375,31864.85546875,nan,nan
2026-02-20T16:21:35.559545,100.0,22076.59375,31864.85546875,nan,nan
2026-02-20T16:21:40.672199,100.0,22071.26953125,31864.85546875,nan,nan
2026-02-20T16:21:45.795876,100.0,22122.97265625,31864.85546875,nan,nan
2026-02-20T16:21:50.925815,100.0,22154.2578125,31864.85546875,nan,nan
2026-02-20T16:21:56.066101,100.0,22173.45703125,31864.85546875,nan,nan
2026-02-20T16:22:01.180349,100.0,22174.984375,31864.85546875,nan,nan
2026-02-20T16:22:06.402745,100.0,22235.8046875,31864.85546875,nan,nan
2026-02-20T16:22:11.522106,100.0,22229.48046875,31864.85546875,nan,nan
2026-02-20T16:22:16.640214,100.0,22242.43359375,31864.85546875,nan,nan
2026-02-20T16:22:21.757038,100.0,22265.45703125,31864.85546875,nan,nan
2026-02-20T16:22:26.870070,100.0,22285.45703125,31864.85546875,nan,nan
2026-02-20T16:22:32.094568,100.0,22297.30078125,31864.85546875,nan,nan
2026-02-20T16:22:37.259132,100.0,22385.48046875,31864.85546875,nan,nan
2026-02-20T16:22:42.430575,100.0,22383.65625,31864.85546875,nan,nan
2026-02-20T16:22:47.502900,100.0,22407.1953125,31864.85546875,nan,nan
2026-02-20T16:22:52.573412,100.0,22395.49609375,31864.85546875,nan,nan
2026-02-20T16:22:57.636734,100.0,22420.30859375,31864.85546875,nan,nan
2026-02-20T16:23:02.686339,100.0,22419.3359375,31864.85546875,nan,nan
2026-02-20T16:23:07.759704,100.0,22447.42578125,31864.85546875,nan,nan
2026-02-20T16:23:12.833213,100.0,22488.1875,31864.85546875,nan,nan
2026-02-20T16:23:17.898167,100.0,22510.82421875,31864.85546875,nan,nan
2026-02-20T16:23:22.977217,100.0,22520.91015625,31864.85546875,nan,nan
2026-02-20T16:23:28.044177,100.0,22518.875,31864.85546875,nan,nan
2026-02-20T16:23:33.109606,100.0,22542.171875,31864.85546875,nan,nan
2026-02-20T16:23:38.180395,100.0,22570.53515625,31864.85546875,nan,nan
2026-02-20T16:23:43.253987,100.0,22608.12890625,31864.85546875,nan,nan
2026-02-20T16:23:48.328229,100.0,22637.6875,31864.85546875,nan,nan
2026-02-20T16:23:53.347065,100.0,22642.66015625,31864.85546875,nan,nan
2026-02-20T16:23:58.461356,100.0,22643.46484375,31864.85546875,nan,nan
2026-02-20T16:24:03.538752,100.0,22660.4296875,31864.85546875,nan,nan
2026-02-20T16:24:08.604617,100.0,22687.3125,31864.85546875,nan,nan
2026-02-20T16:24:13.701727,100.0,22720.60546875,31864.85546875,nan,nan
2026-02-20T16:24:18.791825,100.0,22732.0546875,31864.85546875,nan,nan
2026-02-20T16:24:23.865363,100.0,22744.09375,31864.85546875,nan,nan
2026-02-20T16:24:28.981629,100.0,22762.81640625,31864.85546875,nan,nan
2026-02-20T16:24:34.076174,100.0,22789.53125,31864.85546875,nan,nan
2026-02-20T16:24:39.150034,100.0,22806.0859375,31864.85546875,nan,nan
2026-02-20T16:24:44.224149,100.0,22845.41015625,31864.85546875,nan,nan
2026-02-20T16:24:49.330841,100.0,22849.55859375,31864.85546875,nan,nan
2026-02-20T16:24:54.418373,100.0,22874.875,31864.85546875,nan,nan
2026-02-20T16:24:59.488344,100.0,22884.98046875,31864.85546875,nan,nan
2026-02-20T16:25:04.585110,100.0,22926.31640625,31864.85546875,nan,nan
2026-02-20T16:25:09.650472,100.0,22926.6796875,31864.85546875,nan,nan
2026-02-20T16:25:14.714202,100.0,22955.74609375,31864.85546875,nan,nan
2026-02-20T16:25:19.784574,100.0,22984.6328125,31864.85546875,nan,nan
2026-02-20T16:25:24.850612,100.0,23004.59375,31864.85546875,nan,nan
2026-02-20T16:25:29.918996,100.0,23008.578125,31864.85546875,nan,nan
2026-02-20T16:25:34.998465,100.0,23062.9375,31864.85546875,nan,nan
2026-02-20T16:25:40.067952,100.0,23057.8203125,31864.85546875,nan,nan
2026-02-20T16:25:45.128931,100.0,23083.765625,31864.85546875,nan,nan
2026-02-20T16:25:50.196380,100.0,23132.2890625,31864.85546875,nan,nan
2026-02-20T16:25:55.259942,100.0,23146.39453125,31864.85546875,nan,nan
2026-02-20T16:26:00.380904,100.0,23148.109375,31864.85546875,nan,nan
2026-02-20T16:26:05.542154,100.0,23186.11328125,31864.85546875,nan,nan
2026-02-20T16:26:10.613188,100.0,23189.03515625,31864.85546875,nan,nan
2026-02-20T16:26:15.681046,100.0,23202.671875,31864.85546875,nan,nan
2026-02-20T16:26:20.750412,100.0,23257.3125,31864.85546875,nan,nan
2026-02-20T16:26:25.776977,100.0,23273.6640625,31864.85546875,nan,nan
2026-02-20T16:26:30.842516,100.0,23270.3046875,31864.85546875,nan,nan
2026-02-20T16:26:35.907435,100.0,23291.375,31864.85546875,nan,nan
2026-02-20T16:26:40.972815,100.0,23299.54296875,31864.85546875,nan,nan
2026-02-20T16:26:46.038112,100.0,23316.265625,31864.85546875,nan,nan
2026-02-20T16:26:51.105630,100.0,23334.77734375,31864.85546875,nan,nan
2026-02-20T16:26:56.170705,100.0,23369.08984375,31864.85546875,nan,nan
2026-02-20T16:27:01.284788,100.0,23387.2890625,31864.85546875,nan,nan
2026-02-20T16:27:06.355709,100.0,23411.03125,31864.85546875,nan,nan
2026-02-20T16:27:11.420046,100.0,23450.62109375,31864.85546875,nan,nan
2026-02-20T16:27:16.476959,100.0,23468.34375,31864.85546875,nan,nan
2026-02-20T16:27:21.542289,100.0,23491.7265625,31864.85546875,nan,nan
2026-02-20T16:27:26.666169,100.0,23517.2109375,31864.85546875,nan,nan
2026-02-20T16:27:31.702324,100.0,23521.43359375,31864.85546875,nan,nan
2026-02-20T16:27:36.768576,100.0,23559.5390625,31864.85546875,nan,nan
2026-02-20T16:27:41.838238,100.0,23570.26953125,31864.85546875,nan,nan
2026-02-20T16:27:46.907145,100.0,23581.9765625,31864.85546875,nan,nan
2026-02-20T16:27:52.022156,100.0,23620.5078125,31864.85546875,nan,nan
2026-02-20T16:27:57.228876,100.0,23801.1640625,31864.85546875,nan,nan
2026-02-20T16:28:02.303448,100.0,23757.21484375,31864.85546875,nan,nan
2026-02-20T16:28:07.375310,100.0,23701.2890625,31864.85546875,nan,nan
2026-02-20T16:28:12.472490,100.0,23739.625,31864.85546875,nan,nan
2026-02-20T16:28:17.584442,100.0,23738.44921875,31864.85546875,nan,nan
2026-02-20T16:28:22.930530,100.0,23904.8828125,31864.85546875,nan,nan
2026-02-20T16:28:28.051505,100.0,23900.72265625,31864.85546875,nan,nan
2026-02-20T16:28:33.189266,100.0,23881.53515625,31864.85546875,nan,nan
2026-02-20T16:28:38.255169,100.0,23958.3515625,31864.85546875,nan,nan
2026-02-20T16:28:43.352296,100.0,23993.67578125,31864.85546875,nan,nan
2026-02-20T16:28:48.524153,100.0,24010.33203125,31864.85546875,nan,nan
2026-02-20T16:28:53.615907,100.0,24032.2421875,31864.85546875,nan,nan
2026-02-20T16:28:58.683208,100.0,24016.90625,31864.85546875,nan,nan
2026-02-20T16:29:03.799111,100.0,24041.18359375,31864.85546875,nan,nan
2026-02-20T16:29:08.868131,100.0,24062.46484375,31864.85546875,nan,nan
2026-02-20T16:29:13.970491,100.0,24108.1484375,31864.85546875,nan,nan
2026-02-20T16:29:19.051194,100.0,24080.0390625,31864.85546875,nan,nan
2026-02-20T16:29:24.159285,100.0,24122.390625,31864.85546875,nan,nan
2026-02-20T16:29:29.236168,100.0,24080.21484375,31864.85546875,nan,nan
2026-02-20T16:29:34.326134,100.0,24177.65625,31864.85546875,nan,nan
2026-02-20T16:29:39.424495,100.0,24186.0078125,31864.85546875,nan,nan
2026-02-20T16:29:44.493661,100.0,24215.078125,31864.85546875,nan,nan
2026-02-20T16:29:49.571542,100.0,24237.99609375,31864.85546875,nan,nan
2026-02-20T16:29:54.645845,100.0,24237.66796875,31864.85546875,nan,nan
2026-02-20T16:29:59.715951,100.0,24267.875,31864.85546875,nan,nan
2026-02-20T16:30:04.782760,100.0,24302.69140625,31864.85546875,nan,nan
2026-02-20T16:30:09.853031,100.0,24303.54296875,31864.85546875,nan,nan
2026-02-20T16:30:14.923027,100.0,24332.96484375,31864.85546875,nan,nan
2026-02-20T16:30:19.994256,100.0,24368.91015625,31864.85546875,nan,nan
2026-02-20T16:30:25.072515,100.0,24428.88671875,31864.85546875,nan,nan
2026-02-20T16:30:30.307498,100.0,24418.23828125,31864.85546875,nan,nan
2026-02-20T16:30:35.411632,100.0,24424.328125,31864.85546875,nan,nan
2026-02-20T16:30:40.530046,100.0,24449.09765625,31864.85546875,nan,nan
2026-02-20T16:30:45.621734,100.0,24471.796875,31864.85546875,nan,nan
2026-02-20T16:30:50.765204,100.0,24669.60546875,31864.85546875,nan,nan
2026-02-20T16:30:55.899878,100.0,24737.74609375,31864.85546875,nan,nan
2026-02-20T16:31:00.967914,100.0,24730.51171875,31864.85546875,nan,nan
2026-02-20T16:31:06.040939,100.0,24728.00390625,31864.85546875,nan,nan
2026-02-20T16:31:11.108482,100.0,24726.3671875,31864.85546875,nan,nan
2026-02-20T16:31:16.175770,100.0,24795.546875,31864.85546875,nan,nan
2026-02-20T16:31:21.304214,100.0,24788.82421875,31864.85546875,nan,nan
2026-02-20T16:31:26.376805,100.0,24776.1171875,31864.85546875,nan,nan
2026-02-20T16:31:31.439238,100.0,24841.87890625,31864.85546875,nan,nan
2026-02-20T16:31:36.507765,100.0,24816.8359375,31864.85546875,nan,nan
2026-02-20T16:31:41.569809,100.0,24879.9140625,31864.85546875,nan,nan
2026-02-20T16:31:46.688699,100.0,24897.859375,31864.85546875,nan,nan
2026-02-20T16:31:51.760122,100.0,24917.16015625,31864.85546875,nan,nan
2026-02-20T16:31:56.886285,100.0,24933.796875,31864.85546875,nan,nan
2026-02-20T16:32:01.997014,100.0,24947.73828125,31864.85546875,nan,nan
2026-02-20T16:32:07.068652,100.0,24970.4921875,31864.85546875,nan,nan
2026-02-20T16:32:12.171003,100.0,24990.67578125,31864.85546875,nan,nan
2026-02-20T16:32:17.317305,100.0,25018.80859375,31864.85546875,nan,nan
2026-02-20T16:32:22.470910,100.0,24982.5546875,31864.85546875,nan,nan
2026-02-20T16:32:27.549709,100.0,25056.1875,31864.85546875,nan,nan
2026-02-20T16:32:32.629925,100.0,25076.36328125,31864.85546875,nan,nan
2026-02-20T16:32:37.697849,100.0,25100.5703125,31864.85546875,nan,nan
2026-02-20T16:32:42.764411,100.0,25113.3125,31864.85546875,nan,nan
2026-02-20T16:32:48.051916,100.0,25148.13671875,31864.85546875,nan,nan
2026-02-20T16:32:53.121791,100.0,25159.08203125,31864.85546875,nan,nan
2026-02-20T16:32:58.284424,100.0,25170.01171875,31864.85546875,nan,nan
2026-02-20T16:33:03.349983,100.0,25173.7109375,31864.85546875,nan,nan
2026-02-20T16:33:08.414925,100.0,25192.5625,31864.85546875,nan,nan
2026-02-20T16:33:13.522408,100.0,25237.43359375,31864.85546875,nan,nan
2026-02-20T16:33:18.585149,100.0,25265.55859375,31864.85546875,nan,nan
2026-02-20T16:33:23.660473,100.0,25281.6484375,31864.85546875,nan,nan
2026-02-20T16:33:28.770365,100.0,25274.82421875,31864.85546875,nan,nan
2026-02-20T16:33:33.846218,100.0,25296.3203125,31864.85546875,nan,nan
2026-02-20T16:33:38.932549,100.0,25274.6171875,31864.85546875,nan,nan
2026-02-20T16:33:44.022581,100.0,25338.73046875,31864.85546875,nan,nan
2026-02-20T16:33:49.093542,100.0,25401.046875,31864.85546875,nan,nan
2026-02-20T16:33:54.160430,100.0,25371.4453125,31864.85546875,nan,nan
2026-02-20T16:33:59.223698,100.0,25381.30859375,31864.85546875,nan,nan
2026-02-20T16:34:04.362354,100.0,25413.0078125,31864.85546875,nan,nan
2026-02-20T16:34:09.539733,100.0,25441.90625,31864.85546875,nan,nan
2026-02-20T16:34:14.603489,100.0,25653.5625,31864.85546875,nan,nan
2026-02-20T16:34:19.718151,100.0,25686.16015625,31864.85546875,nan,nan
2026-02-20T16:34:24.861153,100.0,25696.078125,31864.85546875,nan,nan
2026-02-20T16:34:29.924077,100.0,25650.3671875,31864.85546875,nan,nan
2026-02-20T16:34:35.055621,100.0,25744.15625,31864.85546875,nan,nan
2026-02-20T16:34:40.121169,100.0,25741.35546875,31864.85546875,nan,nan
2026-02-20T16:34:45.220781,100.0,25765.31640625,31864.85546875,nan,nan
2026-02-20T16:34:50.414569,100.0,25798.87890625,31864.85546875,nan,nan
2026-02-20T16:34:55.483618,100.0,25810.4765625,31864.85546875,nan,nan
2026-02-20T16:35:00.615479,100.0,25808.55859375,31864.85546875,nan,nan
2026-02-20T16:35:05.706962,100.0,25838.3828125,31864.85546875,nan,nan
2026-02-20T16:35:10.842213,100.0,25823.01171875,31864.85546875,nan,nan
2026-02-20T16:35:15.949673,100.0,25838.13671875,31864.85546875,nan,nan
2026-02-20T16:35:21.125807,100.0,25894.30078125,31864.85546875,nan,nan
2026-02-20T16:35:26.408043,100.0,25908.078125,31864.85546875,nan,nan
2026-02-20T16:35:31.562487,100.0,25897.390625,31864.85546875,nan,nan
2026-02-20T16:35:36.790335,100.0,25938.12890625,31864.85546875,nan,nan
2026-02-20T16:35:42.021516,100.0,25946.19140625,31864.85546875,nan,nan
2026-02-20T16:35:47.270932,100.0,25963.28515625,31864.85546875,nan,nan
2026-02-20T16:35:52.407381,100.0,26000.625,31864.85546875,nan,nan
2026-02-20T16:35:57.649447,100.0,26011.6875,31864.85546875,nan,nan
2026-02-20T16:36:02.764404,100.0,25994.30078125,31864.85546875,nan,nan
2026-02-20T16:36:07.903277,100.0,26026.3203125,31864.85546875,nan,nan
2026-02-20T16:36:13.041160,100.0,26040.96484375,31864.85546875,nan,nan
2026-02-20T16:36:18.226979,100.0,26073.9375,31864.85546875,nan,nan
2026-02-20T16:36:23.353104,100.0,26090.9765625,31864.85546875,nan,nan
2026-02-20T16:36:28.582648,100.0,26104.8125,31864.85546875,nan,nan
2026-02-20T16:36:33.727704,100.0,26117.0390625,31864.85546875,nan,nan
2026-02-20T16:36:39.083724,100.0,26146.39453125,31864.85546875,nan,nan
2026-02-20T16:36:44.318653,100.0,26191.9453125,31864.85546875,nan,nan
2026-02-20T16:36:49.573279,100.0,26215.79296875,31864.85546875,nan,nan
2026-02-20T16:36:54.719192,100.0,26241.76953125,31864.85546875,nan,nan
2026-02-20T16:37:00.042595,100.0,26239.99609375,31864.85546875,nan,nan
2026-02-20T16:37:05.160316,100.0,26256.91015625,31864.85546875,nan,nan
2026-02-20T16:37:10.179836,97.3,25700.765625,31864.85546875,nan,nan
2026-02-20T16:37:15.196027,83.7,24820.20703125,31864.85546875,nan,nan
2026-02-20T16:37:20.212676,56.1,24763.3203125,31864.85546875,nan,nan
2026-02-20T16:37:25.227389,31.6,24607.875,31864.85546875,nan,nan
2026-02-20T16:37:30.241223,91.3,24564.59375,31864.85546875,nan,nan
